cwe,cve_id,lines,chars,cfg_nodes,cfg_edges,cyclomatic_complexity,cfg_success
CWE-119,CVE-2014-3182,88,2802,14,13,1,True
CWE-119,CVE-2014-3182,57,2166,6,5,1,True
CWE-119,CVE-2013-7027,59,1832,8,7,1,True
CWE-119,CVE-2016-3134,109,2777,5,4,1,True
CWE-119,CVE-2016-3134,52,1373,10,9,1,True
CWE-119,CVE-2016-3134,14,388,8,7,1,True
CWE-119,CVE-2016-3134,104,2600,5,4,1,True
CWE-119,CVE-2016-3134,30,916,5,4,1,True
CWE-119,CVE-2016-3134,52,1377,10,9,1,True
CWE-119,CVE-2016-3134,30,906,5,4,1,True
CWE-119,CVE-2016-3134,109,2766,5,4,1,True
CWE-119,CVE-2013-1929,120,3694,17,16,1,True
CWE-119,CVE-2012-3364,26,657,0,0,1,True
CWE-119,CVE-2012-3364,13,368,0,0,1,True
CWE-119,CVE-2012-3364,35,1099,5,4,1,True
CWE-119,CVE-2018-10124,34,694,8,7,1,True
CWE-119,CVE-2017-15126,124,3383,7,6,1,True
CWE-119,CVE-2017-15126,51,1184,6,5,1,True
CWE-119,CVE-2016-7425,245,8007,10,9,1,True
CWE-119,CVE-2013-0310,136,3564,10,9,1,True
CWE-119,CVE-2016-4998,54,1494,11,10,1,True
CWE-119,CVE-2016-4998,76,2111,17,16,1,True
CWE-119,CVE-2016-4998,55,1458,11,10,1,True
CWE-119,CVE-2017-5548,28,863,6,5,1,True
CWE-119,CVE-2017-5548,16,402,5,4,1,True
CWE-119,CVE-2017-5548,12,352,4,3,1,True
CWE-119,CVE-2012-6712,64,1981,8,7,1,True
CWE-119,CVE-2012-6712,19,659,4,3,1,True
CWE-119,CVE-2017-16996,151,3909,5,4,1,True
CWE-119,CVE-2017-16996,133,4077,10,9,1,True
CWE-119,CVE-2013-2850,76,1551,8,7,1,True
CWE-119,CVE-2013-2850,29,778,8,7,1,True
CWE-119,CVE-2014-3184,9,268,0,0,1,True
CWE-119,CVE-2014-3184,95,2749,0,0,1,True
CWE-119,CVE-2014-3184,11,346,0,0,1,True
CWE-119,CVE-2014-3184,61,1894,0,0,1,True
CWE-119,CVE-2014-3184,12,378,0,0,1,True
CWE-119,CVE-2019-19602,4,158,3,2,1,True
CWE-119,CVE-2022-3636,74,1662,14,13,1,True
CWE-119,CVE-2018-7740,107,3109,15,14,1,True
CWE-119,CVE-2018-7740,52,1375,13,12,1,True
CWE-119,CVE-2018-8822,24,568,6,5,1,True
CWE-119,CVE-2022-3435,130,2804,14,13,1,True
CWE-119,CVE-2021-39633,4,144,3,2,1,True
CWE-119,CVE-2021-4157,22,517,10,9,1,True
CWE-119,CVE-2013-6381,52,1543,14,13,1,True
CWE-119,CVE-2014-6416,27,768,10,9,1,True
CWE-119,CVE-2014-6416,45,801,13,12,1,True
CWE-119,CVE-2014-0069,130,3260,26,25,1,True
CWE-119,CVE-2017-7895,57,1565,13,12,1,True
CWE-119,CVE-2017-7895,49,1297,13,12,1,True
CWE-119,CVE-2017-7895,53,1361,12,11,1,True
CWE-119,CVE-2015-1333,19,552,6,5,1,True
CWE-119,CVE-2021-3635,59,1185,21,20,1,True
CWE-119,CVE-2016-5829,118,3065,7,6,1,True
CWE-119,CVE-2013-4512,16,350,8,7,1,True
CWE-119,CVE-2017-18222,7,139,4,3,1,True
CWE-119,CVE-2017-18222,7,141,4,3,1,True
CWE-119,CVE-2017-18222,7,128,4,3,1,True
CWE-119,CVE-2017-18222,6,117,4,3,1,True
CWE-119,CVE-2013-4312,19,391,4,3,1,True
CWE-119,CVE-2013-4312,16,320,4,3,1,True
CWE-119,CVE-2017-8062,63,1460,8,7,1,True
CWE-119,CVE-2017-8062,106,3069,20,19,1,True
CWE-119,CVE-2013-2893,38,1054,5,4,1,True
CWE-119,CVE-2013-2893,173,5034,31,30,1,True
CWE-119,CVE-2013-2893,54,1395,13,12,1,True
CWE-119,CVE-2017-8068,12,361,5,4,1,True
CWE-119,CVE-2017-8068,12,348,5,4,1,True
CWE-119,CVE-2007-6762,25,669,8,7,1,True
CWE-119,CVE-2013-2899,35,1086,9,8,1,True
CWE-119,CVE-2017-17856,29,740,5,4,1,True
CWE-119,CVE-2013-1772,138,3144,12,11,1,True
CWE-119,CVE-2013-1772,7,159,3,2,1,True
CWE-119,CVE-2013-1772,8,250,3,2,1,True
CWE-119,CVE-2013-1772,26,556,8,7,1,True
CWE-119,CVE-2013-1772,39,899,7,6,1,True
CWE-119,CVE-2013-1772,151,4318,16,15,1,True
CWE-119,CVE-2013-1772,153,3554,8,7,1,True
CWE-119,CVE-2015-5156,199,5841,37,36,1,True
CWE-119,CVE-2021-4204,76,2136,18,17,1,True
CWE-119,CVE-2021-4204,257,7814,16,15,1,True
CWE-119,CVE-2021-4204,230,7172,10,9,1,True
CWE-119,CVE-2023-6560,53,1519,0,0,1,True
CWE-119,CVE-2011-4098,104,2525,14,13,1,True
CWE-119,CVE-2011-4098,128,3681,11,10,1,True
CWE-119,CVE-2011-4098,64,1402,12,11,1,True
CWE-119,CVE-2016-3955,36,738,8,7,1,True
CWE-119,CVE-2017-18379,25,759,0,0,1,True
CWE-119,CVE-2013-1773,91,1857,7,6,1,True
CWE-119,CVE-2013-1773,82,2075,9,8,1,True
CWE-119,CVE-2013-4588,142,3112,10,9,1,True
CWE-119,CVE-2013-4588,129,3360,18,17,1,True
CWE-119,CVE-2015-4036,39,1011,0,0,1,True
CWE-119,CVE-2015-4036,29,760,6,5,1,True
CWE-119,CVE-2013-0231,49,1284,13,12,1,True
CWE-119,CVE-2013-0231,33,845,11,10,1,True
CWE-119,CVE-2013-0309,4,84,3,2,1,True
CWE-119,CVE-2022-3625,8,229,4,3,1,True
CWE-119,CVE-2022-3625,8,229,4,3,1,True
CWE-119,CVE-2018-14615,62,1793,9,8,1,True
CWE-119,CVE-2013-4514,27,650,4,3,1,True
CWE-119,CVE-2011-5327,44,1265,0,0,1,True
CWE-119,CVE-2017-16534,134,3852,6,5,1,True
CWE-119,CVE-2017-18193,37,745,12,11,1,True
CWE-119,CVE-2016-8633,132,3282,14,13,1,True
CWE-119,CVE-2016-8633,64,1757,8,7,1,True
CWE-119,CVE-2022-3541,40,911,11,10,1,True
CWE-119,CVE-2017-1000253,445,12362,43,42,1,True
CWE-119,CVE-2013-2895,24,674,7,6,1,True
CWE-119,CVE-2014-0205,132,3608,16,15,1,True
CWE-119,CVE-2014-0205,11,224,0,0,1,True
CWE-119,CVE-2014-0205,6,140,3,2,1,True
CWE-119,CVE-2014-0205,13,258,3,2,1,True
CWE-119,CVE-2016-8658,230,6610,13,12,1,True
CWE-119,CVE-2022-3649,82,2111,0,0,1,True
CWE-119,CVE-2016-10764,73,1571,17,16,1,True
CWE-119,CVE-2022-3640,75,1586,9,8,1,True
CWE-119,CVE-2017-16526,9,245,4,3,1,True
CWE-119,CVE-2014-3183,30,766,9,8,1,True
CWE-119,CVE-2015-5283,182,5139,36,35,1,True
CWE-119,CVE-2015-5283,37,970,3,2,1,True
CWE-119,CVE-2016-1583,43,968,0,0,1,True
CWE-119,CVE-2013-1860,11,262,4,3,1,True
CWE-119,CVE-2013-1860,43,1023,5,4,1,True
CWE-119,CVE-2013-1860,99,2120,15,14,1,True
CWE-119,CVE-2014-8884,15,437,4,3,1,True
CWE-119,CVE-2013-2234,21,632,6,5,1,True
CWE-119,CVE-2018-12233,149,3790,16,15,1,True
CWE-119,CVE-2017-7541,101,3399,7,6,1,True
CWE-119,CVE-2014-2309,238,5325,33,32,1,True
CWE-119,CVE-2017-16913,87,2159,17,16,1,True
CWE-119,CVE-2017-5547,29,850,7,6,1,True
CWE-119,CVE-2017-5547,29,823,7,6,1,True
CWE-119,CVE-2016-8632,22,698,6,5,1,True
CWE-119,CVE-2016-8632,39,843,7,6,1,True
CWE-119,CVE-2016-8632,100,2540,23,22,1,True
CWE-119,CVE-2018-1120,62,1162,12,11,1,True
CWE-119,CVE-2018-1120,166,3245,18,17,1,True
CWE-119,CVE-2018-1120,43,1210,7,6,1,True
CWE-119,CVE-2021-22543,57,1392,8,7,1,True
CWE-119,CVE-2018-7566,84,2214,9,8,1,True
CWE-119,CVE-2018-20855,355,10446,45,44,1,True
CWE-119,CVE-2016-5728,93,2036,6,5,1,True
CWE-119,CVE-2018-1000199,44,1015,11,10,1,True
CWE-119,CVE-2006-3635,84,2030,8,7,1,True
CWE-119,CVE-2016-7042,94,2582,12,11,1,True
CWE-119,CVE-2022-3545,80,1908,0,0,1,True
CWE-119,CVE-2017-8069,6,231,3,2,1,True
CWE-119,CVE-2012-2119,70,1624,8,7,1,True
CWE-119,CVE-2015-2666,59,1459,9,8,1,True
CWE-119,CVE-2010-5332,47,1055,9,8,1,True
CWE-119,CVE-2010-5332,47,1131,10,9,1,True
CWE-119,CVE-2013-2890,66,1565,10,9,1,True
CWE-119,CVE-2023-21264,10,334,5,4,1,True
CWE-119,CVE-2017-8061,46,1124,11,10,1,True
CWE-119,CVE-2017-12762,26,556,0,0,1,True
CWE-119,CVE-2012-2137,62,1519,8,7,1,True
CWE-119,CVE-2007-6761,31,643,5,4,1,True
CWE-119,CVE-2014-3185,47,1733,9,8,1,True
CWE-119,CVE-2015-4002,67,2050,11,10,1,True
CWE-119,CVE-2017-7187,284,8324,9,8,1,True
CWE-119,CVE-2017-14497,239,6333,34,33,1,True
CWE-119,CVE-2013-2894,63,1814,14,13,1,True
CWE-119,CVE-2014-9728,278,8411,26,25,1,True
CWE-119,CVE-2009-2692,14,345,5,4,1,True
CWE-119,CVE-2016-6187,74,1948,16,15,1,True
CWE-119,CVE-2022-2964,61,1403,7,6,1,True
CWE-119,CVE-2014-3186,33,951,7,6,1,True
CWE-119,CVE-2016-9793,356,7734,10,9,1,True
CWE-119,CVE-2017-8063,25,586,8,7,1,True
CWE-119,CVE-2018-5848,35,923,8,7,1,True
CWE-119,CVE-2013-6382,49,1150,16,15,1,True
CWE-125,CVE-2014-7825,36,930,12,11,1,True
CWE-125,CVE-2014-7825,47,1252,12,11,1,True
CWE-125,CVE-2014-7825,38,1062,12,11,1,True
CWE-125,CVE-2020-28974,14,332,4,3,1,True
CWE-125,CVE-2017-9074,294,7099,18,17,1,True
CWE-125,CVE-2017-9074,101,2969,0,0,1,True
CWE-125,CVE-2017-9074,76,2094,0,0,1,True
CWE-125,CVE-2017-7277,41,908,11,10,1,True
CWE-125,CVE-2017-7277,17,471,5,4,1,True
CWE-125,CVE-2017-7277,46,1353,9,8,1,True
CWE-125,CVE-2019-15505,68,1325,13,12,1,True
CWE-125,CVE-2021-43389,26,496,8,7,1,True
CWE-125,CVE-2014-3180,22,460,5,4,1,True
CWE-125,CVE-2014-3180,34,718,0,0,1,True
CWE-125,CVE-2023-1380,75,2120,9,8,1,True
CWE-125,CVE-2023-39193,17,479,9,8,1,True
CWE-125,CVE-2017-16530,13,269,5,4,1,True
CWE-125,CVE-2017-16530,91,3027,13,12,1,True
CWE-125,CVE-2017-16530,12,255,5,4,1,True
CWE-125,CVE-2023-6121,77,2058,18,17,1,True
CWE-125,CVE-2023-6121,61,1463,18,17,1,True
CWE-125,CVE-2016-7915,51,1509,7,6,1,True
CWE-125,CVE-2020-0067,45,1093,10,9,1,True
CWE-125,CVE-2022-20132,135,3941,24,23,1,True
CWE-125,CVE-2022-20132,54,1781,5,4,1,True
CWE-125,CVE-2022-20132,296,8138,7,6,1,True
CWE-125,CVE-2022-20132,118,2996,23,22,1,True
CWE-125,CVE-2019-15927,150,4057,10,9,1,True
CWE-125,CVE-2021-3490,29,977,6,5,1,True
CWE-125,CVE-2021-3490,34,1158,6,5,1,True
CWE-125,CVE-2021-3490,35,1183,6,5,1,True
CWE-125,CVE-2020-35519,97,2317,29,28,1,True
CWE-125,CVE-2018-10877,76,1704,0,0,1,True
CWE-125,CVE-2022-1508,93,2745,19,18,1,True
CWE-125,CVE-2022-1508,97,2805,20,19,1,True
CWE-125,CVE-2019-15926,68,2064,7,6,1,True
CWE-125,CVE-2019-15926,57,1456,11,10,1,True
CWE-125,CVE-2019-15926,26,850,6,5,1,True
CWE-125,CVE-2021-29155,247,8233,14,13,1,True
CWE-125,CVE-2020-9383,19,365,7,6,1,True
CWE-125,CVE-2017-18344,16,510,0,0,1,True
CWE-125,CVE-2017-18344,37,1102,10,9,1,True
CWE-125,CVE-2018-13099,53,1364,10,9,1,True
CWE-125,CVE-2018-13099,56,1608,12,11,1,True
CWE-125,CVE-2019-15090,24,513,5,4,1,True
CWE-125,CVE-2019-15090,28,570,6,5,1,True
CWE-125,CVE-2019-15090,28,567,6,5,1,True
CWE-125,CVE-2021-0941,39,1365,8,7,1,True
CWE-125,CVE-2021-0941,29,862,7,6,1,True
CWE-125,CVE-2021-0941,47,1253,0,0,1,True
CWE-125,CVE-2014-3145,21,432,10,9,1,True
CWE-125,CVE-2014-3145,17,375,8,7,1,True
CWE-125,CVE-2018-20854,28,631,0,0,1,True
CWE-125,CVE-2023-34256,45,1412,8,7,1,True
CWE-125,CVE-2019-3459,53,1493,6,5,1,True
CWE-125,CVE-2020-28097,32,1051,6,5,1,True
CWE-125,CVE-2020-28097,189,5338,0,0,1,True
CWE-125,CVE-2018-19985,66,1216,10,9,1,True
CWE-125,CVE-2018-19985,90,2198,13,12,1,True
CWE-125,CVE-2020-14314,105,2963,0,0,1,True
CWE-125,CVE-2021-27364,223,6109,12,11,1,True
CWE-125,CVE-2015-9289,95,2506,14,13,1,True
CWE-125,CVE-2023-2176,28,969,7,6,1,True
CWE-125,CVE-2023-2176,57,1370,21,19,0,True
CWE-125,CVE-2023-2176,31,834,8,7,1,True
CWE-125,CVE-2017-7558,24,558,6,5,1,True
CWE-125,CVE-2017-7558,85,3158,6,5,1,True
CWE-125,CVE-2017-7558,22,520,6,5,1,True
CWE-125,CVE-2022-3170,14,321,6,5,1,True
CWE-125,CVE-2021-39711,56,1452,16,15,1,True
CWE-125,CVE-2020-0430,133,4061,10,9,1,True
CWE-125,CVE-2020-0430,150,4544,13,12,1,True
CWE-125,CVE-2021-4093,8,212,4,3,1,True
CWE-125,CVE-2021-4093,8,272,4,3,1,True
CWE-125,CVE-2022-48502,224,4681,27,26,1,True
CWE-125,CVE-2022-48502,60,1011,17,16,1,True
CWE-125,CVE-2022-48502,461,10906,0,0,1,True
CWE-125,CVE-2022-48502,205,4851,27,26,1,True
CWE-125,CVE-2022-48502,42,1099,8,7,1,True
CWE-125,CVE-2022-48502,499,13262,0,0,1,True
CWE-125,CVE-2022-48502,16,235,5,4,1,True
CWE-125,CVE-2023-3268,19,686,5,4,1,True
CWE-125,CVE-2016-10208,953,29183,143,142,1,True
CWE-125,CVE-2019-19449,169,5639,23,22,1,True
CWE-125,CVE-2018-1093,48,1547,11,10,1,True
CWE-125,CVE-2017-9984,25,667,6,5,1,True
CWE-125,CVE-2017-9984,25,780,5,4,1,True
CWE-125,CVE-2022-2785,9,211,4,3,1,True
CWE-125,CVE-2022-2785,49,1375,0,0,1,True
CWE-125,CVE-2017-16535,99,2269,19,18,1,True
CWE-125,CVE-2018-13098,14,370,5,4,1,True
CWE-125,CVE-2018-13098,65,1871,0,0,1,True
CWE-125,CVE-2020-13143,39,787,11,10,1,True
CWE-125,CVE-2023-38430,4,86,3,2,1,True
CWE-125,CVE-2023-38430,109,2604,12,11,1,True
CWE-125,CVE-2019-15925,22,488,6,5,1,True
CWE-125,CVE-2019-15925,73,1626,8,7,1,True
CWE-125,CVE-2017-8831,173,5168,23,22,1,True
CWE-125,CVE-2023-6606,83,2684,9,8,1,True
CWE-125,CVE-2023-1194,53,1585,0,0,1,True
CWE-125,CVE-2023-6040,89,2313,20,19,1,True
CWE-125,CVE-2017-5897,77,2044,10,9,1,True
CWE-125,CVE-2017-6347,15,363,6,5,1,True
CWE-125,CVE-2021-0605,45,1301,9,8,1,True
CWE-125,CVE-2017-17741,11,264,4,3,1,True
CWE-125,CVE-2017-17741,21,454,6,5,1,True
CWE-125,CVE-2017-17741,63,1578,11,10,1,True
CWE-125,CVE-2017-17741,27,635,5,4,1,True
CWE-125,CVE-2017-17741,6,182,4,3,1,True
CWE-125,CVE-2023-38428,35,1051,0,0,1,True
CWE-125,CVE-2019-15918,205,6892,26,25,1,True
CWE-125,CVE-2018-15471,30,810,7,6,1,True
CWE-125,CVE-2023-26607,108,3015,7,6,1,True
CWE-125,CVE-2021-45469,133,3059,29,28,1,True
CWE-125,CVE-2017-16529,84,2087,6,5,1,True
CWE-125,CVE-2022-47943,136,3692,20,19,1,True
CWE-125,CVE-2017-16533,71,2032,18,17,1,True
CWE-125,CVE-2021-3743,103,2384,16,15,1,True
CWE-125,CVE-2021-3753,33,573,10,9,1,True
CWE-125,CVE-2021-3753,202,4736,5,4,1,True
CWE-125,CVE-2019-15666,53,832,10,9,1,True
CWE-125,CVE-2022-47940,141,3855,18,17,1,True
CWE-125,CVE-2019-9245,38,799,13,12,1,True
CWE-125,CVE-2021-3444,350,10610,6,5,1,True
CWE-125,CVE-2016-9777,5,168,3,2,1,True
CWE-125,CVE-2023-39189,45,962,15,14,1,True
CWE-125,CVE-2019-9445,78,1884,7,6,1,True
CWE-125,CVE-2023-38426,27,817,9,8,1,True
CWE-125,CVE-2023-38426,808,21783,64,63,1,True
CWE-125,CVE-2016-7917,161,3836,12,11,1,True
CWE-125,CVE-2021-39657,46,1081,9,8,1,True
CWE-125,CVE-2019-19252,186,3941,15,14,1,True
CWE-125,CVE-2016-9555,71,2053,12,11,1,True
CWE-125,CVE-2023-37453,239,6596,13,12,1,True
CWE-125,CVE-2023-37453,138,4121,21,20,1,True
CWE-125,CVE-2020-8835,122,3527,9,8,1,True
CWE-125,CVE-2018-14610,53,1248,6,5,1,True
CWE-125,CVE-2017-16645,33,805,0,0,1,True
CWE-125,CVE-2023-6610,146,4308,17,16,1,True
CWE-125,CVE-2019-14283,71,2200,6,5,1,True
CWE-200,CVE-2018-19854,14,337,6,5,1,True
CWE-200,CVE-2018-19854,13,338,6,5,1,True
CWE-200,CVE-2018-19854,66,1619,9,8,1,True
CWE-200,CVE-2018-19854,18,500,6,5,1,True
CWE-200,CVE-2018-19854,14,319,6,5,1,True
CWE-200,CVE-2018-19854,14,364,6,5,1,True
CWE-200,CVE-2018-3665,26,517,11,10,1,True
CWE-200,CVE-2018-3665,7,140,3,2,1,True
CWE-200,CVE-2018-3665,8,106,4,3,1,True
CWE-200,CVE-2018-3665,8,154,4,3,1,True
CWE-200,CVE-2018-3665,21,406,5,4,1,True
CWE-200,CVE-2018-3665,43,1001,7,6,1,True
CWE-200,CVE-2018-3665,23,476,4,3,1,True
CWE-200,CVE-2018-3665,6,123,4,3,1,True
CWE-200,CVE-2018-3665,14,338,4,3,1,True
CWE-200,CVE-2018-3665,90,2313,10,9,1,True
CWE-200,CVE-2018-3665,12,231,5,4,1,True
CWE-200,CVE-2018-3665,6,130,3,2,1,True
CWE-200,CVE-2018-3665,15,334,5,4,1,True
CWE-200,CVE-2018-3665,6,123,4,3,1,True
CWE-200,CVE-2018-3665,15,327,4,3,1,True
CWE-200,CVE-2018-3665,15,415,3,2,1,True
CWE-200,CVE-2018-3665,14,271,5,4,1,True
CWE-200,CVE-2022-33742,10,415,3,2,1,True
CWE-200,CVE-2022-33742,93,2594,14,13,1,True
CWE-200,CVE-2022-33742,93,2724,10,9,1,True
CWE-200,CVE-2022-33742,40,938,9,8,1,True
CWE-200,CVE-2022-33742,158,4868,18,17,1,True
CWE-200,CVE-2022-33742,21,482,6,5,1,True
CWE-200,CVE-2022-33742,51,1456,12,11,1,True
CWE-200,CVE-2022-33742,24,718,0,0,1,True
CWE-200,CVE-2015-8553,56,1416,15,14,1,True
CWE-200,CVE-2018-20509,30,726,5,4,1,True
CWE-200,CVE-2018-20509,132,4067,7,6,1,True
CWE-200,CVE-2018-20509,22,409,5,4,1,True
CWE-200,CVE-2018-20509,392,12400,5,4,1,True
CWE-200,CVE-2018-20509,52,1444,11,10,1,True
CWE-200,CVE-2018-20509,68,1849,11,10,1,True
CWE-200,CVE-2018-20509,52,1675,7,6,1,True
CWE-200,CVE-2018-20509,49,1486,11,10,1,True
CWE-200,CVE-2013-7281,47,1033,17,16,1,True
CWE-200,CVE-2013-7281,44,889,15,14,1,True
CWE-200,CVE-2013-7281,54,1129,19,18,1,True
CWE-200,CVE-2013-7281,45,909,15,14,1,True
CWE-200,CVE-2012-6545,17,444,6,5,1,True
CWE-200,CVE-2017-7495,73,2061,13,12,1,True
CWE-200,CVE-2017-7495,222,6310,19,18,1,True
CWE-200,CVE-2017-14991,255,7465,9,8,1,True
CWE-200,CVE-2017-14991,33,801,7,6,1,True
CWE-200,CVE-2013-3231,164,3682,27,26,1,True
CWE-200,CVE-2014-8709,59,1450,7,6,1,True
CWE-200,CVE-2013-3235,117,2972,16,15,1,True
CWE-200,CVE-2013-3235,14,458,4,3,1,True
CWE-200,CVE-2016-0723,147,3439,12,11,1,True
CWE-200,CVE-2017-17864,94,3248,9,8,1,True
CWE-200,CVE-2013-3227,35,680,13,12,1,True
CWE-200,CVE-2016-4913,99,2250,12,11,1,True
CWE-200,CVE-2015-4176,49,1256,8,7,1,True
CWE-200,CVE-2012-6536,26,509,10,9,1,True
CWE-200,CVE-2012-6536,19,334,8,7,1,True
CWE-200,CVE-2022-33741,155,4165,28,27,1,True
CWE-200,CVE-2022-33741,65,1625,12,11,1,True
CWE-200,CVE-2013-3222,45,1052,17,16,1,True
CWE-200,CVE-2016-4486,15,378,5,4,1,True
CWE-200,CVE-2013-3229,115,3046,17,16,1,True
CWE-200,CVE-2016-9756,30,870,9,8,1,True
CWE-200,CVE-2016-9756,34,1015,14,13,1,True
CWE-200,CVE-2018-16862,36,1073,4,3,1,True
CWE-200,CVE-2017-2584,28,564,12,11,1,True
CWE-200,CVE-2017-2584,18,496,8,7,1,True
CWE-200,CVE-2017-2584,26,574,8,7,1,True
CWE-200,CVE-2017-15537,97,2586,10,9,1,True
CWE-200,CVE-2017-15537,48,1093,10,9,1,True
CWE-200,CVE-2013-3226,21,473,6,5,1,True
CWE-200,CVE-2012-6547,203,4358,14,13,1,True
CWE-200,CVE-2018-20449,4,39,2,1,1,True
CWE-200,CVE-2018-20449,122,3030,0,0,1,True
CWE-200,CVE-2018-20449,25,901,3,2,1,True
CWE-200,CVE-2018-7755,175,4210,14,13,1,True
CWE-200,CVE-2016-0823,7,257,4,3,1,True
CWE-200,CVE-2015-8569,18,408,6,5,1,True
CWE-200,CVE-2019-18660,14,361,5,4,1,True
CWE-200,CVE-2019-18660,36,966,6,5,1,True
CWE-200,CVE-2013-2164,57,1452,13,12,1,True
CWE-200,CVE-2012-6546,16,495,6,5,1,True
CWE-200,CVE-2017-5550,38,915,9,8,1,True
CWE-200,CVE-2017-5550,11,281,3,2,1,True
CWE-200,CVE-2013-3076,31,719,8,7,1,True
CWE-200,CVE-2013-3076,82,1696,6,5,1,True
CWE-200,CVE-2018-12126,24,692,3,2,1,True
CWE-200,CVE-2015-8950,22,451,0,0,1,True
CWE-200,CVE-2015-8950,31,822,0,0,1,True
CWE-200,CVE-2014-1739,32,858,11,10,1,True
CWE-200,CVE-2018-16658,14,439,7,6,1,True
CWE-200,CVE-2018-20511,38,918,6,5,1,True
CWE-200,CVE-2012-6549,41,979,8,7,1,True
CWE-200,CVE-2012-6548,32,797,7,6,1,True
CWE-200,CVE-2012-6542,41,928,8,7,1,True
CWE-200,CVE-2014-3917,25,593,7,6,1,True
CWE-200,CVE-2014-3917,28,683,8,7,1,True
CWE-200,CVE-2016-2117,138,3386,23,22,1,True
CWE-200,CVE-2017-9605,111,3126,21,20,1,True
CWE-200,CVE-2016-5244,23,575,5,4,1,True
CWE-200,CVE-2013-4299,26,678,8,7,1,True
CWE-200,CVE-2013-4299,25,508,6,5,1,True
CWE-200,CVE-2012-4530,108,2479,26,25,1,True
CWE-200,CVE-2012-4530,70,1939,16,15,1,True
CWE-200,CVE-2012-4530,83,2095,27,26,1,True
CWE-200,CVE-2012-4530,82,2061,9,8,1,True
CWE-200,CVE-2018-20510,39,1062,7,6,1,True
CWE-200,CVE-2018-20510,460,13882,5,4,1,True
CWE-200,CVE-2016-4580,65,1955,10,9,1,True
CWE-200,CVE-2018-18710,24,665,8,7,1,True
CWE-200,CVE-2012-6539,68,1808,14,13,1,True
CWE-200,CVE-2013-3230,56,1235,18,17,1,True
CWE-200,CVE-2017-9150,275,6865,6,5,1,True
CWE-200,CVE-2013-3225,24,606,9,8,1,True
CWE-200,CVE-2018-5750,35,923,10,9,1,True
CWE-200,CVE-2012-6544,23,593,5,4,1,True
CWE-200,CVE-2013-3224,38,779,12,11,1,True
CWE-200,CVE-2018-15594,19,506,7,6,1,True
CWE-200,CVE-2012-6538,17,436,6,5,1,True
CWE-200,CVE-2017-14140,68,1561,0,0,1,True
CWE-200,CVE-2017-10911,37,1122,6,5,1,True
CWE-200,CVE-2014-9903,40,726,9,8,1,True
CWE-200,CVE-2018-6412,92,2300,3,2,1,True
CWE-200,CVE-2014-4027,75,1980,11,10,1,True
CWE-200,CVE-2014-4027,36,879,7,6,1,True
CWE-200,CVE-2013-0160,25,644,10,9,1,True
CWE-200,CVE-2015-8575,32,566,9,8,1,True
CWE-200,CVE-2017-18549,21,660,5,4,1,True
CWE-200,CVE-2016-4482,11,257,5,4,1,True
CWE-200,CVE-2015-7884,24,550,5,4,1,True
CWE-200,CVE-2017-17449,27,615,7,6,1,True
CWE-200,CVE-2020-2732,21,686,5,4,1,True
CWE-200,CVE-2017-16911,23,659,5,4,1,True
CWE-200,CVE-2017-16911,94,2483,16,15,1,True
CWE-200,CVE-2014-2038,13,423,6,5,1,True
CWE-200,CVE-2015-8964,6,164,3,2,1,True
CWE-200,CVE-2013-3228,45,1161,9,8,1,True
CWE-200,CVE-2013-4516,24,762,4,3,1,True
CWE-200,CVE-2017-14156,97,2865,5,4,1,True
CWE-200,CVE-2015-8374,314,8128,20,19,1,True
CWE-200,CVE-2016-7917,161,3836,12,11,1,True
CWE-200,CVE-2016-4485,13,384,4,3,1,True
CWE-200,CVE-2014-9895,44,1039,7,6,1,True
CWE-200,CVE-2013-3237,181,3969,17,16,1,True
CWE-200,CVE-2016-4569,101,2860,21,20,1,True
CWE-200,CVE-2012-6537,27,698,6,5,1,True
CWE-200,CVE-2017-0627,77,1895,19,18,1,True
CWE-200,CVE-2012-6543,31,863,7,6,1,True
CWE-200,CVE-2012-6541,30,751,6,5,1,True
CWE-200,CVE-2015-7885,161,3310,5,4,1,True
CWE-20,CVE-2013-7266,47,1185,9,8,1,True
CWE-20,CVE-2013-7266,88,2185,20,19,1,True
CWE-20,CVE-2013-7266,64,1417,17,16,1,True
CWE-20,CVE-2013-7266,83,1719,6,5,1,True
CWE-20,CVE-2013-7266,98,2405,19,18,1,True
CWE-20,CVE-2013-7266,65,1771,13,12,1,True
CWE-20,CVE-2013-7266,117,2621,15,14,1,True
CWE-20,CVE-2013-7266,153,4011,20,19,1,True
CWE-20,CVE-2013-7266,33,621,11,10,1,True
CWE-20,CVE-2013-7266,29,608,8,7,1,True
CWE-20,CVE-2013-7266,32,628,10,9,1,True
CWE-20,CVE-2013-7266,37,708,13,12,1,True
CWE-20,CVE-2013-7266,33,743,8,7,1,True
CWE-20,CVE-2013-7266,25,630,9,8,1,True
CWE-20,CVE-2013-7266,90,2267,21,20,1,True
CWE-20,CVE-2013-7266,323,7790,37,36,1,True
CWE-20,CVE-2013-7266,49,1111,11,10,1,True
CWE-20,CVE-2013-7266,42,919,14,13,1,True
CWE-20,CVE-2013-7266,166,3706,27,26,1,True
CWE-20,CVE-2013-7266,159,3370,23,22,1,True
CWE-20,CVE-2013-7266,183,3993,17,16,1,True
CWE-20,CVE-2013-7266,96,2205,16,15,1,True
CWE-20,CVE-2013-7266,10,235,4,3,1,True
CWE-20,CVE-2013-7266,91,2123,15,14,1,True
CWE-20,CVE-2013-7266,47,1076,17,16,1,True
CWE-20,CVE-2013-7266,65,1761,13,12,1,True
CWE-20,CVE-2013-7266,46,927,13,12,1,True
CWE-20,CVE-2013-7266,105,2050,12,11,1,True
CWE-20,CVE-2013-7266,120,3197,17,16,1,True
CWE-20,CVE-2013-7266,102,2170,14,13,1,True
CWE-20,CVE-2013-7266,55,1216,12,11,1,True
CWE-20,CVE-2013-7266,119,3005,16,15,1,True
CWE-20,CVE-2013-7266,72,1674,17,16,1,True
CWE-20,CVE-2013-7266,25,635,7,6,1,True
CWE-20,CVE-2013-7266,41,930,0,0,1,True
CWE-20,CVE-2013-7266,22,513,6,5,1,True
CWE-20,CVE-2013-7266,111,2159,14,13,1,True
CWE-20,CVE-2017-15121,25,1142,5,4,1,True
CWE-20,CVE-2017-15121,91,2181,10,9,1,True
CWE-20,CVE-2021-20194,13,382,5,4,1,True
CWE-20,CVE-2021-20194,22,538,7,6,1,True
CWE-20,CVE-2021-20194,31,796,9,8,1,True
CWE-20,CVE-2021-20194,527,14375,0,0,1,True
CWE-20,CVE-2021-20194,116,2986,6,5,1,True
CWE-20,CVE-2021-20194,10,240,4,3,1,True
CWE-20,CVE-2021-20194,43,1214,6,5,1,True
CWE-20,CVE-2021-20194,26,812,10,9,1,True
CWE-20,CVE-2021-20194,33,979,4,3,1,True
CWE-20,CVE-2021-20194,51,1066,9,8,1,True
CWE-20,CVE-2021-20194,6,137,4,3,1,True
CWE-20,CVE-2021-20194,74,1683,21,20,1,True
CWE-20,CVE-2021-20194,14,362,5,4,1,True
CWE-20,CVE-2021-20194,51,1322,13,12,1,True
CWE-20,CVE-2021-20194,16,346,4,3,1,True
CWE-20,CVE-2021-20194,11,191,4,3,1,True
CWE-20,CVE-2021-20194,12,297,5,4,1,True
CWE-20,CVE-2021-20194,36,680,12,11,1,True
CWE-20,CVE-2017-16538,17,379,6,5,1,True
CWE-20,CVE-2018-5803,38,995,0,0,1,True
CWE-20,CVE-2013-0290,56,1274,0,0,1,True
CWE-20,CVE-2012-4398,61,1854,8,7,1,True
CWE-20,CVE-2012-4398,60,1662,8,7,1,True
CWE-20,CVE-2012-4398,15,204,4,3,1,True
CWE-20,CVE-2012-4398,25,637,8,7,1,True
CWE-20,CVE-2012-4398,52,1494,8,7,1,True
CWE-20,CVE-2012-4398,22,634,7,6,1,True
CWE-20,CVE-2013-1848,16,374,0,0,1,True
CWE-20,CVE-2015-3288,71,1920,17,16,1,True
CWE-20,CVE-2015-3288,61,1770,12,11,1,True
CWE-20,CVE-2018-14641,161,4498,17,16,1,True
CWE-20,CVE-2018-14641,131,3701,15,14,1,True
CWE-20,CVE-2018-20669,76,2112,13,12,1,True
CWE-20,CVE-2018-20669,34,905,0,0,1,True
CWE-20,CVE-2018-20669,27,759,11,10,1,True
CWE-20,CVE-2018-20669,79,1936,7,6,1,True
CWE-20,CVE-2018-20669,20,409,7,6,1,True
CWE-20,CVE-2018-20669,29,770,11,10,1,True
CWE-20,CVE-2013-6368,25,680,9,8,1,True
CWE-20,CVE-2013-6368,17,474,6,5,1,True
CWE-20,CVE-2008-7316,22,417,3,2,1,True
CWE-20,CVE-2008-7316,86,2339,14,13,1,True
CWE-20,CVE-2013-7263,44,889,15,14,1,True
CWE-20,CVE-2013-7263,47,1033,17,16,1,True
CWE-20,CVE-2013-7263,45,909,15,14,1,True
CWE-20,CVE-2013-7263,145,3378,27,26,1,True
CWE-20,CVE-2013-7263,79,1792,21,20,1,True
CWE-20,CVE-2020-0041,712,22702,41,40,1,True
CWE-20,CVE-2015-7872,38,882,3,2,1,True
CWE-20,CVE-2012-2669,230,5934,12,11,1,True
CWE-20,CVE-2018-12207,22,663,6,5,1,True
CWE-20,CVE-2018-12207,13,344,4,3,1,True
CWE-20,CVE-2012-2136,80,1664,0,0,1,True
CWE-20,CVE-2014-0038,29,846,10,9,1,True
CWE-20,CVE-2017-18200,75,1779,13,12,1,True
CWE-20,CVE-2021-3655,219,5448,5,4,1,True
CWE-20,CVE-2021-3655,41,993,5,4,1,True
CWE-20,CVE-2021-3655,47,1360,0,0,1,True
CWE-20,CVE-2021-3655,170,5690,26,25,1,True
CWE-20,CVE-2021-3655,10,300,3,2,1,True
CWE-20,CVE-2021-3655,50,1532,4,3,1,True
CWE-20,CVE-2021-3655,140,4376,11,10,1,True
CWE-20,CVE-2018-11232,67,1803,0,0,1,True
CWE-20,CVE-2014-2523,91,2799,10,9,1,True
CWE-20,CVE-2014-2523,41,1151,8,7,1,True
CWE-20,CVE-2014-4611,110,2342,6,5,1,True
CWE-20,CVE-2019-9453,121,2774,27,26,1,True
CWE-20,CVE-2019-9453,58,1321,15,14,1,True
CWE-20,CVE-2013-2897,138,3845,8,7,1,True
CWE-20,CVE-2013-2897,32,830,4,3,1,True
CWE-20,CVE-2013-2146,259,8067,19,18,1,True
CWE-20,CVE-2017-17862,288,7281,8,7,1,True
CWE-20,CVE-2017-17862,130,3368,31,30,1,True
CWE-20,CVE-2020-12363,6,103,4,3,1,True
CWE-20,CVE-2020-12363,16,532,4,3,1,True
CWE-20,CVE-2020-12363,60,2192,5,4,1,True
CWE-20,CVE-2020-12363,79,2395,16,15,1,True
CWE-20,CVE-2020-12363,17,311,6,5,1,True
CWE-20,CVE-2015-2672,32,782,4,3,1,True
CWE-20,CVE-2015-2672,25,534,5,4,1,True
CWE-20,CVE-2015-2672,24,507,4,3,1,True
CWE-20,CVE-2016-2549,11,299,4,3,1,True
CWE-20,CVE-2016-2549,6,142,4,3,1,True
CWE-20,CVE-2016-5828,107,3005,9,8,1,True
CWE-20,CVE-2019-9503,40,915,10,9,1,True
CWE-20,CVE-2019-9503,21,528,5,4,1,True
CWE-20,CVE-2019-9503,14,363,5,4,1,True
CWE-20,CVE-2018-5391,192,4458,34,33,1,True
CWE-20,CVE-2020-25643,56,1507,7,6,1,True
CWE-20,CVE-2017-18221,69,1883,7,6,1,True
CWE-20,CVE-2017-14489,45,1056,5,4,1,True
CWE-20,CVE-2018-18021,24,763,6,5,1,True
CWE-20,CVE-2013-2888,25,610,0,0,1,True
CWE-20,CVE-2013-4254,6,189,4,3,1,True
CWE-20,CVE-2018-10087,38,814,8,7,1,True
CWE-20,CVE-2017-1000252,79,2157,13,12,1,True
CWE-20,CVE-2016-2548,12,373,6,5,1,True
CWE-20,CVE-2016-2548,19,653,4,3,1,True
CWE-20,CVE-2016-2548,44,1206,13,12,1,True
CWE-20,CVE-2016-2548,61,1706,10,9,1,True
CWE-20,CVE-2013-4270,20,697,6,5,1,True
CWE-20,CVE-2017-17805,36,970,7,6,1,True
CWE-20,CVE-2017-17805,36,970,7,6,1,True
CWE-20,CVE-2018-14656,22,564,6,5,1,True
CWE-20,CVE-2018-14656,9,253,3,2,1,True
CWE-20,CVE-2014-3645,96,3156,6,5,1,True
CWE-20,CVE-2016-6197,238,5877,39,38,1,True
CWE-20,CVE-2016-6197,32,817,7,6,1,True
CWE-20,CVE-2016-6162,118,3353,17,16,1,True
CWE-20,CVE-2016-6162,97,2481,16,15,1,True
CWE-20,CVE-2013-2898,22,601,6,5,1,True
CWE-20,CVE-2017-9242,314,8409,17,16,1,True
CWE-20,CVE-2016-9919,161,4058,27,26,1,True
CWE-20,CVE-2016-8650,287,7033,30,29,1,True
CWE-20,CVE-2015-8552,33,855,11,10,1,True
CWE-20,CVE-2014-9584,291,7062,13,12,1,True
CWE-20,CVE-2015-8844,148,5242,15,14,1,True
CWE-20,CVE-2018-1000026,7,237,4,3,1,True
CWE-20,CVE-2013-1819,105,2588,0,0,1,True
CWE-20,CVE-2015-7509,66,2209,16,15,1,True
CWE-20,CVE-2013-1943,202,5159,37,36,1,True
CWE-20,CVE-2017-6345,58,1603,12,11,1,True
CWE-20,CVE-2017-6345,10,239,3,2,1,True
CWE-20,CVE-2013-1763,18,398,8,7,1,True
CWE-20,CVE-2013-1828,58,1735,12,11,1,True
CWE-20,CVE-2017-15868,82,1900,14,13,1,True
CWE-20,CVE-2017-5123,31,846,0,0,1,True
CWE-20,CVE-2017-5123,40,1029,0,0,1,True
CWE-20,CVE-2014-0155,39,1181,9,8,1,True
CWE-20,CVE-2012-6647,135,3761,16,15,1,True
CWE-20,CVE-2013-0216,15,357,5,4,1,True
CWE-20,CVE-2016-2143,17,570,4,3,1,True
CWE-20,CVE-2016-2143,6,200,3,2,1,True
CWE-20,CVE-2017-18509,145,3066,6,5,1,True
CWE-20,CVE-2021-33098,89,2360,12,11,1,True
CWE-20,CVE-2019-0147,75,2478,9,8,1,True
CWE-20,CVE-2016-9191,27,596,10,9,1,True
CWE-20,CVE-2020-12351,91,2168,12,11,1,True
CWE-20,CVE-2013-4129,55,1257,12,11,1,True
CWE-20,CVE-2013-4129,34,738,6,5,1,True
CWE-20,CVE-2018-14619,16,506,3,2,1,True
CWE-20,CVE-2013-2140,29,764,6,5,1,True
CWE-20,CVE-2019-11085,26,738,9,8,1,True
CWE-264,CVE-2014-0181,47,1028,11,10,1,True
CWE-264,CVE-2014-0181,58,1238,12,11,1,True
CWE-264,CVE-2014-0181,29,841,7,6,1,True
CWE-264,CVE-2014-0181,199,4415,13,12,1,True
CWE-264,CVE-2014-0181,130,2868,22,21,1,True
CWE-264,CVE-2014-0181,43,984,11,10,1,True
CWE-264,CVE-2014-0181,104,2306,19,18,1,True
CWE-264,CVE-2014-0181,63,1401,13,12,1,True
CWE-264,CVE-2014-0181,33,756,6,5,1,True
CWE-264,CVE-2014-0181,24,566,10,9,1,True
CWE-264,CVE-2014-0181,40,840,9,8,1,True
CWE-264,CVE-2014-0181,57,1307,18,17,1,True
CWE-264,CVE-2014-0181,35,810,8,7,1,True
CWE-264,CVE-2014-0181,74,1506,4,3,1,True
CWE-264,CVE-2014-0181,14,316,6,5,1,True
CWE-264,CVE-2014-0181,43,940,12,11,1,True
CWE-264,CVE-2014-1438,14,509,4,3,1,True
CWE-264,CVE-2015-8709,9,163,3,2,1,True
CWE-264,CVE-2015-8709,67,1984,18,17,1,True
CWE-264,CVE-2015-8709,34,582,0,0,1,True
CWE-264,CVE-2016-6786,56,1287,13,12,1,True
CWE-264,CVE-2016-6786,41,982,9,8,1,True
CWE-264,CVE-2016-6786,11,285,4,3,1,True
CWE-264,CVE-2016-6786,11,283,4,3,1,True
CWE-264,CVE-2016-6786,12,333,3,2,1,True
CWE-264,CVE-2016-6786,49,1160,15,14,1,True
CWE-264,CVE-2016-6786,15,445,3,2,1,True
CWE-264,CVE-2016-6786,13,268,5,4,1,True
CWE-264,CVE-2016-6786,285,6606,0,0,1,True
CWE-264,CVE-2016-6786,7,183,4,3,1,True
CWE-264,CVE-2016-3857,26,692,10,9,1,True
CWE-264,CVE-2016-3857,38,965,12,11,1,True
CWE-264,CVE-2016-3841,46,1152,8,7,1,True
CWE-264,CVE-2016-3841,161,3965,29,28,1,True
CWE-264,CVE-2016-3841,31,874,0,0,1,True
CWE-264,CVE-2016-3841,187,4459,31,30,1,True
CWE-264,CVE-2016-3841,25,438,8,7,1,True
CWE-264,CVE-2016-3841,164,3906,21,20,1,True
CWE-264,CVE-2016-3841,25,568,6,5,1,True
CWE-264,CVE-2016-3841,71,1874,0,0,1,True
CWE-264,CVE-2016-3841,157,3810,26,25,1,True
CWE-264,CVE-2016-3841,201,5295,0,0,1,True
CWE-264,CVE-2016-3841,37,895,5,4,1,True
CWE-264,CVE-2016-3841,149,3979,0,0,1,True
CWE-264,CVE-2016-3841,27,783,0,0,1,True
CWE-264,CVE-2016-3841,734,15410,15,14,1,True
CWE-264,CVE-2016-3841,17,496,0,0,1,True
CWE-264,CVE-2016-3841,34,894,7,6,1,True
CWE-264,CVE-2016-3841,339,6886,10,9,1,True
CWE-264,CVE-2014-4014,12,284,7,6,1,True
CWE-264,CVE-2014-4014,26,743,9,8,1,True
CWE-264,CVE-2014-4014,261,7059,25,24,1,True
CWE-264,CVE-2014-4014,8,186,5,4,1,True
CWE-264,CVE-2014-4014,39,906,9,8,1,True
CWE-264,CVE-2014-4014,51,1354,10,9,1,True
CWE-264,CVE-2015-1593,10,227,5,4,1,True
CWE-264,CVE-2015-1593,15,425,6,5,1,True
CWE-264,CVE-2015-9016,11,332,0,0,1,True
CWE-264,CVE-2015-9016,21,566,4,3,1,True
CWE-264,CVE-2015-9016,50,1524,10,9,1,True
CWE-264,CVE-2015-9016,41,1173,9,8,1,True
CWE-264,CVE-2016-9644,27,537,6,5,1,True
CWE-264,CVE-2016-9644,41,1077,9,8,1,True
CWE-264,CVE-2016-9644,57,1694,5,4,1,True
CWE-264,CVE-2016-9644,28,634,5,4,1,True
CWE-264,CVE-2016-9644,80,1992,11,10,1,True
CWE-264,CVE-2016-9644,20,383,5,4,1,True
CWE-264,CVE-2016-9644,89,1892,9,8,1,True
CWE-264,CVE-2013-1979,9,317,3,2,1,True
CWE-264,CVE-2015-9004,101,2168,23,22,1,True
CWE-264,CVE-2014-8133,25,694,7,6,1,True
CWE-264,CVE-2014-8133,31,637,9,8,1,True
CWE-264,CVE-2016-3157,8,227,3,2,1,True
CWE-264,CVE-2016-3157,171,5737,0,0,1,True
CWE-264,CVE-2016-10200,58,1511,18,17,1,True
CWE-264,CVE-2016-10200,101,2452,21,20,1,True
CWE-264,CVE-2016-4997,90,2411,21,20,1,True
CWE-264,CVE-2016-4997,90,2398,21,20,1,True
CWE-264,CVE-2016-4997,54,1494,11,10,1,True
CWE-264,CVE-2016-4997,55,1465,11,10,1,True
CWE-264,CVE-2016-8632,100,2540,23,22,1,True
CWE-264,CVE-2016-8632,39,843,7,6,1,True
CWE-264,CVE-2015-8955,27,670,8,7,1,True
CWE-264,CVE-2013-4299,25,508,6,5,1,True
CWE-264,CVE-2016-9120,103,2152,8,7,1,True
CWE-264,CVE-2016-9120,11,235,4,3,1,True
CWE-264,CVE-2016-9120,13,300,0,0,1,True
CWE-264,CVE-2016-9120,17,392,5,4,1,True
CWE-264,CVE-2014-9870,115,2494,5,4,1,True
CWE-264,CVE-2014-9870,9,211,6,5,1,True
CWE-264,CVE-2014-9870,155,4496,8,7,1,True
CWE-264,CVE-2014-9870,32,887,8,7,1,True
CWE-264,CVE-2016-10044,8,263,0,0,1,True
CWE-264,CVE-2013-6431,138,3075,16,15,1,True
CWE-264,CVE-2014-9888,12,370,0,0,1,True
CWE-264,CVE-2014-9888,12,360,0,0,1,True
CWE-264,CVE-2016-10318,21,567,7,6,1,True
CWE-264,CVE-2015-2686,42,941,0,0,1,True
CWE-264,CVE-2015-2686,42,1073,0,0,1,True
CWE-264,CVE-2016-4440,6,177,3,2,1,True
CWE-264,CVE-2016-4440,209,5594,50,49,1,True
CWE-264,CVE-2016-4440,20,499,5,4,1,True
CWE-264,CVE-2013-1858,395,10545,0,0,1,True
CWE-264,CVE-2013-1858,27,615,10,9,1,True
CWE-264,CVE-2013-1858,113,2540,0,0,1,True
CWE-264,CVE-2012-2319,82,2244,22,21,1,True
CWE-264,CVE-2012-2319,120,3035,14,13,1,True
CWE-264,CVE-2012-2313,59,1438,5,4,1,True
CWE-264,CVE-2013-4300,19,678,6,5,1,True
CWE-264,CVE-2013-1957,16,358,7,6,1,True
CWE-264,CVE-2014-8989,6,123,4,3,1,True
CWE-264,CVE-2015-8966,50,1142,7,6,1,True
CWE-264,CVE-2013-1774,55,1557,14,13,1,True
CWE-264,CVE-2016-6187,74,1948,16,15,1,True
CWE-264,CVE-2013-0914,13,315,4,3,1,True
CWE-264,CVE-2013-4470,54,1582,5,4,1,True
CWE-264,CVE-2014-9922,114,2923,0,0,1,True
CWE-264,CVE-2014-9922,161,4011,40,39,1,True
CWE-264,CVE-2013-1956,35,816,10,9,1,True
CWE-264,CVE-2014-8159,149,3392,0,0,1,True
CWE-362,CVE-2012-3552,67,1744,11,10,1,True
CWE-362,CVE-2012-3552,28,714,6,5,1,True
CWE-362,CVE-2012-3552,37,1048,7,6,1,True
CWE-362,CVE-2012-3552,218,4588,12,11,1,True
CWE-362,CVE-2012-3552,112,3110,0,0,1,True
CWE-362,CVE-2012-3552,153,3407,24,23,1,True
CWE-362,CVE-2012-3552,84,2202,16,15,1,True
CWE-362,CVE-2012-3552,49,1179,0,0,1,True
CWE-362,CVE-2012-3552,18,388,0,0,1,True
CWE-362,CVE-2012-3552,40,1018,9,8,1,True
CWE-362,CVE-2012-3552,44,1087,11,10,1,True
CWE-362,CVE-2012-3552,119,2758,11,10,1,True
CWE-362,CVE-2012-3552,166,4526,0,0,1,True
CWE-362,CVE-2012-3552,227,5313,36,35,1,True
CWE-362,CVE-2012-3552,39,927,8,7,1,True
CWE-362,CVE-2012-3552,100,2379,16,15,1,True
CWE-362,CVE-2012-3552,83,2235,0,0,1,True
CWE-362,CVE-2012-3552,95,2439,22,21,1,True
CWE-362,CVE-2012-3552,11,277,5,4,1,True
CWE-362,CVE-2012-3552,18,454,6,5,1,True
CWE-362,CVE-2012-3552,68,1994,16,15,1,True
CWE-362,CVE-2012-3552,47,1140,12,11,1,True
CWE-362,CVE-2012-3552,524,11913,11,10,1,True
CWE-362,CVE-2019-19537,58,1459,14,13,1,True
CWE-362,CVE-2019-19537,17,407,4,3,1,True
CWE-362,CVE-2020-29369,108,2765,20,19,1,True
CWE-362,CVE-2020-29369,26,659,5,4,1,True
CWE-362,CVE-2021-4203,79,2014,7,6,1,True
CWE-362,CVE-2021-4203,8,215,5,4,1,True
CWE-362,CVE-2022-41849,25,674,5,4,1,True
CWE-362,CVE-2022-41849,38,959,9,8,1,True
CWE-362,CVE-2014-4652,8,234,4,3,1,True
CWE-362,CVE-2014-4652,32,799,5,4,1,True
CWE-362,CVE-2014-4652,89,2580,27,26,1,True
CWE-362,CVE-2020-29370,60,1413,12,11,1,True
CWE-362,CVE-2021-23133,24,576,6,5,1,True
CWE-362,CVE-2021-23133,153,4360,10,9,1,True
CWE-362,CVE-2021-23133,76,2262,7,6,1,True
CWE-362,CVE-2021-20261,27,639,10,9,1,True
CWE-362,CVE-2021-20261,22,615,7,6,1,True
CWE-362,CVE-2020-29372,97,2148,21,20,1,True
CWE-362,CVE-2022-45869,63,1768,10,9,1,True
CWE-362,CVE-2022-45869,59,1218,21,20,1,True
CWE-362,CVE-2020-27067,5,130,3,2,1,True
CWE-362,CVE-2020-27067,21,367,10,9,1,True
CWE-362,CVE-2021-44733,14,400,3,2,1,True
CWE-362,CVE-2021-44733,5,104,3,2,1,True
CWE-362,CVE-2021-44733,123,2728,0,0,1,True
CWE-362,CVE-2021-44733,13,232,7,6,1,True
CWE-362,CVE-2021-44733,18,417,0,0,1,True
CWE-362,CVE-2019-18683,101,3280,6,5,1,True
CWE-362,CVE-2019-18683,65,1894,10,9,1,True
CWE-362,CVE-2019-18683,87,2763,8,7,1,True
CWE-362,CVE-2019-18683,24,634,6,5,1,True
CWE-362,CVE-2019-18683,98,3172,8,7,1,True
CWE-362,CVE-2019-18683,65,1894,10,9,1,True
CWE-362,CVE-2014-9529,38,888,3,2,1,True
CWE-362,CVE-2016-2069,18,396,6,5,1,True
CWE-362,CVE-2016-2069,13,365,5,4,1,True
CWE-362,CVE-2016-2069,65,1989,6,5,1,True
CWE-362,CVE-2016-8655,150,3606,18,17,1,True
CWE-362,CVE-2016-8655,212,4109,5,4,1,True
CWE-362,CVE-2023-6546,45,1189,8,7,1,True
CWE-362,CVE-2021-39686,19,582,7,6,1,True
CWE-362,CVE-2021-39686,738,23754,44,43,1,True
CWE-362,CVE-2020-29368,44,1666,6,5,1,True
CWE-362,CVE-2015-3212,25,663,9,8,1,True
CWE-362,CVE-2015-3212,75,2056,7,6,1,True
CWE-362,CVE-2015-3212,137,3913,10,9,1,True
CWE-362,CVE-2015-3212,133,4289,11,10,1,True
CWE-362,CVE-2014-2672,35,633,4,3,1,True
CWE-362,CVE-2023-1582,95,2229,17,15,0,True
CWE-362,CVE-2023-1582,39,1026,8,7,1,True
CWE-362,CVE-2018-5873,51,1235,0,0,1,True
CWE-362,CVE-2016-10906,62,1612,12,11,1,True
CWE-362,CVE-2016-10906,53,1323,6,5,1,True
CWE-362,CVE-2022-20567,3,68,2,1,1,True
CWE-362,CVE-2022-20567,55,1161,12,11,1,True
CWE-362,CVE-2018-5814,54,1104,11,10,1,True
CWE-362,CVE-2018-5814,25,477,9,8,1,True
CWE-362,CVE-2018-5814,86,2093,16,15,1,True
CWE-362,CVE-2018-5814,13,235,5,4,1,True
CWE-362,CVE-2018-5814,14,327,6,5,1,True
CWE-362,CVE-2018-5814,29,583,10,9,1,True
CWE-362,CVE-2018-5814,27,663,6,5,1,True
CWE-362,CVE-2018-5814,13,252,0,0,1,True
CWE-362,CVE-2022-3028,28,745,9,8,1,True
CWE-362,CVE-2017-1000112,315,8421,17,16,1,True
CWE-362,CVE-2017-1000112,142,3285,19,18,1,True
CWE-362,CVE-2017-1000112,55,1272,9,8,1,True
CWE-362,CVE-2017-1000112,253,6426,14,13,1,True
CWE-362,CVE-2023-2006,47,1288,10,9,1,True
CWE-362,CVE-2023-2006,15,392,0,0,1,True
CWE-362,CVE-2023-2006,82,2096,0,0,1,True
CWE-362,CVE-2023-2006,12,233,4,3,1,True
CWE-362,CVE-2023-2006,62,1378,13,12,1,True
CWE-362,CVE-2015-8839,9,224,3,2,1,True
CWE-362,CVE-2015-8839,155,4140,28,27,1,True
CWE-362,CVE-2015-8839,28,642,7,6,1,True
CWE-362,CVE-2015-8839,87,2414,18,17,1,True
CWE-362,CVE-2015-8839,31,753,7,6,1,True
CWE-362,CVE-2015-8839,5,149,3,2,1,True
CWE-362,CVE-2015-8839,159,4060,28,27,1,True
CWE-362,CVE-2015-8839,5,159,3,2,1,True
CWE-362,CVE-2015-8839,122,3107,25,24,1,True
CWE-362,CVE-2015-8839,126,3405,28,27,1,True
CWE-362,CVE-2012-4508,35,1112,6,5,1,True
CWE-362,CVE-2012-4508,55,1505,9,8,1,True
CWE-362,CVE-2012-4508,92,2531,17,16,1,True
CWE-362,CVE-2020-25285,29,610,10,9,1,True
CWE-362,CVE-2020-25285,23,566,8,7,1,True
CWE-362,CVE-2016-10741,166,4556,23,22,1,True
CWE-362,CVE-2016-7911,13,248,7,6,1,True
CWE-362,CVE-2020-0305,12,240,0,0,1,True
CWE-362,CVE-2022-3567,7,221,4,3,1,True
CWE-362,CVE-2022-3567,21,545,8,7,1,True
CWE-362,CVE-2022-3567,25,501,6,5,1,True
CWE-362,CVE-2022-3567,12,346,6,5,1,True
CWE-362,CVE-2022-3567,7,219,4,3,1,True
CWE-362,CVE-2017-15265,39,1197,10,9,1,True
CWE-362,CVE-2022-20148,515,13153,88,87,1,True
CWE-362,CVE-2022-3566,220,5402,32,31,1,True
CWE-362,CVE-2022-3566,10,338,5,4,1,True
CWE-362,CVE-2022-3566,618,13024,16,15,1,True
CWE-362,CVE-2022-3566,11,367,5,4,1,True
CWE-362,CVE-2016-2545,100,2848,21,20,1,True
CWE-362,CVE-2023-4732,44,1444,8,7,1,True
CWE-362,CVE-2023-4732,105,2720,16,15,1,True
CWE-362,CVE-2023-4732,52,1273,10,9,1,True
CWE-362,CVE-2023-4732,36,1029,9,8,1,True
CWE-362,CVE-2022-23037,76,1911,10,9,1,True
CWE-362,CVE-2021-39713,67,1662,0,0,1,True
CWE-362,CVE-2021-39713,112,3110,16,15,1,True
CWE-362,CVE-2021-39713,117,2899,21,20,1,True
CWE-362,CVE-2021-39713,153,3814,25,24,1,True
CWE-362,CVE-2021-39713,84,2155,18,17,1,True
CWE-362,CVE-2020-12114,49,1029,0,0,1,True
CWE-362,CVE-2020-12114,31,1020,3,2,1,True
CWE-362,CVE-2020-12114,6,183,3,2,1,True
CWE-362,CVE-2020-12114,11,332,3,2,1,True
CWE-362,CVE-2020-12114,6,184,3,2,1,True
CWE-362,CVE-2020-12114,15,229,5,4,1,True
CWE-362,CVE-2020-12114,7,174,3,2,1,True
CWE-362,CVE-2020-12114,12,295,3,2,1,True
CWE-362,CVE-2019-6974,51,989,17,16,1,True
CWE-362,CVE-2020-11884,8,151,5,4,1,True
CWE-362,CVE-2020-11884,25,575,9,8,1,True
CWE-362,CVE-2016-2547,61,1706,10,9,1,True
CWE-362,CVE-2016-2547,12,373,6,5,1,True
CWE-362,CVE-2016-2547,44,1206,13,12,1,True
CWE-362,CVE-2016-2547,19,653,4,3,1,True
CWE-362,CVE-2017-18224,28,788,7,6,1,True
CWE-362,CVE-2022-45887,16,448,5,4,1,True
CWE-362,CVE-2016-2546,15,307,5,4,1,True
CWE-362,CVE-2016-2546,56,1454,14,13,1,True
CWE-362,CVE-2016-2546,26,580,10,9,1,True
CWE-362,CVE-2016-2546,59,1697,5,4,1,True
CWE-362,CVE-2014-2706,59,1928,9,8,1,True
CWE-362,CVE-2014-2706,123,3379,0,0,1,True
CWE-362,CVE-2016-6130,32,855,15,14,1,True
CWE-362,CVE-2013-0871,8,241,3,2,1,True
CWE-362,CVE-2013-0871,48,1410,6,5,1,True
CWE-362,CVE-2018-17972,32,668,8,7,1,True
CWE-362,CVE-2019-2213,8,205,4,3,1,True
CWE-362,CVE-2019-2213,30,876,5,4,1,True
CWE-362,CVE-2012-3511,31,832,8,7,1,True
CWE-362,CVE-2016-0723,147,3439,12,11,1,True
CWE-362,CVE-2023-35826,18,449,6,5,1,True
CWE-362,CVE-2018-12232,12,266,5,4,1,True
CWE-362,CVE-2018-12232,19,367,6,5,1,True
CWE-362,CVE-2016-10200,58,1511,18,17,1,True
CWE-362,CVE-2017-18249,38,862,10,9,1,True
CWE-362,CVE-2021-20321,214,5102,46,45,1,True
CWE-362,CVE-2022-23040,32,630,7,6,1,True
CWE-362,CVE-2022-28796,30,851,5,4,1,True
CWE-362,CVE-2022-28796,24,720,7,6,1,True
CWE-362,CVE-2023-35828,18,474,4,3,1,True
CWE-362,CVE-2020-29374,125,2871,18,17,1,True
CWE-362,CVE-2020-29374,5,172,3,2,1,True
CWE-362,CVE-2020-29374,45,1241,9,8,1,True
CWE-362,CVE-2020-29374,48,1159,10,9,1,True
CWE-362,CVE-2020-29374,5,166,3,2,1,True
CWE-362,CVE-2021-3752,6,114,3,2,1,True
CWE-362,CVE-2021-3752,50,1148,5,4,1,True
CWE-362,CVE-2023-42756,72,1886,8,7,1,True
CWE-362,CVE-2023-32250,23,638,7,6,1,True
CWE-362,CVE-2023-32250,4,87,3,2,1,True
CWE-362,CVE-2023-32250,4,91,3,2,1,True
CWE-362,CVE-2023-32250,57,1992,6,5,1,True
CWE-362,CVE-2023-32250,27,679,8,7,1,True
CWE-362,CVE-2023-32250,173,4920,15,14,1,True
CWE-362,CVE-2015-7613,42,968,10,9,1,True
CWE-362,CVE-2015-7613,48,889,11,10,1,True
CWE-362,CVE-2014-3940,24,682,6,5,1,True
CWE-362,CVE-2020-0030,76,2002,11,10,1,True
CWE-362,CVE-2017-7533,42,1308,0,0,1,True
CWE-362,CVE-2017-7533,123,3154,29,28,1,True
CWE-362,CVE-2017-7533,34,883,9,8,1,True
CWE-362,CVE-2021-4202,17,377,6,5,1,True
CWE-362,CVE-2013-7026,13,433,5,4,1,True
CWE-362,CVE-2013-7026,88,1931,0,0,1,True
CWE-362,CVE-2013-7026,153,3240,30,29,1,True
CWE-362,CVE-2016-5195,64,1993,16,15,1,True
CWE-362,CVE-2016-5195,137,3470,0,0,1,True
CWE-362,CVE-2022-41850,35,947,8,7,1,True
CWE-362,CVE-2022-20154,4,86,3,2,1,True
CWE-362,CVE-2022-20154,49,1334,6,5,1,True
CWE-362,CVE-2022-20154,36,793,7,6,1,True
CWE-362,CVE-2017-6346,94,2305,17,16,1,True
CWE-362,CVE-2017-6346,23,417,8,7,1,True
CWE-362,CVE-2020-27675,26,526,8,7,1,True
CWE-362,CVE-2020-27675,21,335,7,6,1,True
CWE-362,CVE-2020-27675,16,345,3,2,1,True
CWE-362,CVE-2020-27675,8,226,5,4,1,True
CWE-362,CVE-2016-2544,14,349,3,2,1,True
CWE-362,CVE-2023-35823,5,107,4,3,1,True
CWE-362,CVE-2018-8897,43,1159,9,8,1,True
CWE-362,CVE-2023-3108,73,1513,6,5,1,True
CWE-362,CVE-2023-3108,26,509,9,8,1,True
CWE-362,CVE-2023-32254,5,146,0,0,1,True
CWE-362,CVE-2021-32399,16,385,6,5,1,True
CWE-362,CVE-2017-12146,29,631,11,10,1,True
CWE-362,CVE-2014-9710,99,2428,12,11,1,True
CWE-362,CVE-2014-9710,268,6415,15,14,1,True
CWE-362,CVE-2015-8767,39,1022,8,7,1,True
CWE-362,CVE-2015-8767,35,913,8,7,1,True
CWE-362,CVE-2015-8767,31,844,6,5,1,True
CWE-362,CVE-2020-12652,77,2209,12,11,1,True
CWE-362,CVE-2020-12652,53,1666,9,8,1,True
CWE-362,CVE-2020-12652,39,986,9,8,1,True
CWE-362,CVE-2020-36557,38,749,13,12,1,True
CWE-362,CVE-2020-36557,52,1451,16,15,1,True
CWE-362,CVE-2022-1048,99,2696,20,19,1,True
CWE-362,CVE-2022-1048,25,677,10,9,1,True
CWE-362,CVE-2022-1048,126,3666,30,29,1,True
CWE-362,CVE-2022-1048,27,831,9,8,1,True
CWE-362,CVE-2023-35829,9,236,4,3,1,True
CWE-362,CVE-2018-7995,22,465,6,5,1,True
CWE-362,CVE-2022-1729,447,10790,0,0,1,True
CWE-362,CVE-2018-12633,68,1627,21,20,1,True
CWE-362,CVE-2016-7916,62,1099,12,11,1,True
CWE-362,CVE-2022-23042,69,1853,17,16,1,True
CWE-362,CVE-2022-23042,107,2789,8,7,1,True
CWE-362,CVE-2022-23042,111,2823,11,10,1,True
CWE-362,CVE-2015-1420,46,1062,11,10,1,True
CWE-362,CVE-2015-7990,166,4142,28,27,1,True
CWE-362,CVE-2015-7990,138,3795,0,0,1,True
CWE-362,CVE-2023-31083,54,1011,6,5,1,True
CWE-362,CVE-2017-15129,17,292,0,0,1,True
CWE-362,CVE-2022-39188,13,418,4,3,1,True
CWE-362,CVE-2022-39188,2,95,2,1,1,True
CWE-362,CVE-2017-1000405,44,1049,0,0,1,True
CWE-362,CVE-2017-1000405,38,834,0,0,1,True
CWE-362,CVE-2017-1000405,67,1964,0,0,1,True
CWE-362,CVE-2023-33951,40,972,12,11,1,True
CWE-362,CVE-2023-33951,46,1321,7,6,1,True
CWE-362,CVE-2023-33951,16,343,5,4,1,True
CWE-362,CVE-2023-33951,49,1297,6,5,1,True
CWE-362,CVE-2023-33951,34,964,10,9,1,True
CWE-362,CVE-2020-14416,19,436,5,4,1,True
CWE-362,CVE-2020-14416,6,125,3,2,1,True
CWE-362,CVE-2021-4083,22,500,0,0,1,True
CWE-362,CVE-2013-3302,62,1555,10,9,1,True
CWE-362,CVE-2013-3302,115,2984,11,10,1,True
CWE-362,CVE-2016-6516,34,619,12,11,1,True
CWE-362,CVE-2022-23036,11,309,3,2,1,True
CWE-362,CVE-2021-28964,76,2240,0,0,1,True
CWE-362,CVE-2022-20141,42,1005,6,5,1,True
CWE-362,CVE-2016-6156,35,816,13,12,1,True
CWE-362,CVE-2014-0196,84,1805,10,9,1,True
CWE-362,CVE-2021-3640,25,419,9,8,1,True
CWE-362,CVE-2015-9016,21,566,4,3,1,True
CWE-362,CVE-2015-9016,22,553,5,4,1,True
CWE-362,CVE-2015-9016,50,1524,10,9,1,True
CWE-362,CVE-2018-20836,6,145,4,3,1,True
CWE-362,CVE-2022-3564,35,830,6,5,1,True
CWE-362,CVE-2022-3564,133,3314,6,5,1,True
CWE-362,CVE-2022-2590,42,1122,0,0,1,True
CWE-362,CVE-2023-2898,17,387,7,6,1,True
CWE-362,CVE-2015-7550,50,1073,12,11,1,True
CWE-362,CVE-2022-3623,107,2862,0,0,1,True
CWE-362,CVE-2022-3623,126,3250,0,0,1,True
CWE-362,CVE-2021-3573,45,987,6,5,1,True
CWE-362,CVE-2022-3521,67,1562,10,9,1,True
CWE-362,CVE-2023-35824,29,795,5,4,1,True
CWE-362,CVE-2021-0920,106,2480,19,18,1,True
CWE-362,CVE-2021-39648,6,203,4,3,1,True
CWE-362,CVE-2020-0066,85,1869,20,19,1,True
CWE-362,CVE-2015-8963,15,416,5,4,1,True
CWE-362,CVE-2018-5344,28,661,7,6,1,True
CWE-362,CVE-2021-40490,37,815,8,7,1,True
CWE-362,CVE-2019-11815,26,850,6,5,1,True
CWE-362,CVE-2019-13233,47,1129,10,9,1,True
CWE-362,CVE-2014-3611,12,283,6,5,1,True
CWE-362,CVE-2013-1935,144,3538,19,18,1,True
CWE-362,CVE-2016-6136,33,855,6,5,1,True
CWE-362,CVE-2021-3609,44,1046,5,4,1,True
CWE-362,CVE-2016-9806,91,2370,20,19,1,True
CWE-362,CVE-2014-8086,102,2788,13,12,1,True
CWE-362,CVE-2022-23039,32,668,9,8,1,True
CWE-362,CVE-2022-23039,62,1692,10,9,1,True
CWE-362,CVE-2016-9794,22,565,8,7,1,True
CWE-362,CVE-2022-29582,32,1040,5,4,1,True
CWE-362,CVE-2022-29582,57,1585,19,18,1,True
CWE-362,CVE-2014-9914,23,660,9,8,1,True
CWE-362,CVE-2022-45888,188,4204,33,32,1,True
CWE-362,CVE-2018-1000004,45,1292,0,0,1,True
CWE-362,CVE-2013-1792,83,2042,10,9,1,True
CWE-362,CVE-2015-3339,42,1160,8,7,1,True
CWE-362,CVE-2023-33203,21,447,6,5,1,True
CWE-362,CVE-2018-18559,87,1710,13,12,1,True
CWE-362,CVE-2014-7842,16,410,6,5,1,True
CWE-362,CVE-2017-6874,12,267,4,3,1,True
CWE-362,CVE-2016-6480,101,2597,18,17,1,True
CWE-362,CVE-2019-3016,12,370,4,3,1,True
CWE-362,CVE-2022-3635,21,416,5,4,1,True
CWE-362,CVE-2018-7566,84,2214,9,8,1,True
CWE-362,CVE-2017-6001,397,9589,0,0,1,True
CWE-362,CVE-2022-40307,10,244,4,3,1,True
CWE-362,CVE-2022-2959,58,1504,11,10,1,True
CWE-401,CVE-2019-19053,38,765,10,9,1,True
CWE-401,CVE-2023-32247,10,216,0,0,1,True
CWE-401,CVE-2023-32247,38,792,0,0,1,True
CWE-401,CVE-2023-32247,5,140,0,0,1,True
CWE-401,CVE-2023-32247,10,219,0,0,1,True
CWE-401,CVE-2023-32247,7,260,4,3,1,True
CWE-401,CVE-2022-4139,98,2872,14,13,1,True
CWE-401,CVE-2022-0854,47,1701,12,11,1,True
CWE-401,CVE-2022-0854,8,274,3,2,1,True
CWE-401,CVE-2019-19078,58,1333,7,6,1,True
CWE-401,CVE-2023-0615,86,3055,7,6,1,True
CWE-401,CVE-2022-3526,78,2095,15,14,1,True
CWE-401,CVE-2019-19073,35,812,11,10,1,True
CWE-401,CVE-2019-19073,37,912,11,10,1,True
CWE-401,CVE-2019-19073,58,1800,14,13,1,True
CWE-401,CVE-2022-1012,16,432,4,3,1,True
CWE-401,CVE-2022-1012,8,230,4,3,1,True
CWE-401,CVE-2022-1012,8,211,4,3,1,True
CWE-401,CVE-2022-1012,10,280,5,4,1,True
CWE-401,CVE-2022-1012,6,198,4,3,1,True
CWE-401,CVE-2022-1012,10,276,5,4,1,True
CWE-401,CVE-2019-20810,59,1384,17,16,1,True
CWE-401,CVE-2019-15807,76,2264,0,0,1,True
CWE-401,CVE-2022-0742,22,468,9,8,1,True
CWE-401,CVE-2022-0742,22,474,9,8,1,True
CWE-401,CVE-2019-12379,28,625,8,7,1,True
CWE-401,CVE-2022-47941,170,4826,15,14,1,True
CWE-401,CVE-2019-18807,100,2948,24,23,1,True
CWE-401,CVE-2019-20096,18,559,7,6,1,True
CWE-401,CVE-2019-19052,117,2602,16,15,1,True
CWE-401,CVE-2019-19082,16,329,0,0,1,True
CWE-401,CVE-2019-19082,16,349,0,0,1,True
CWE-401,CVE-2019-19082,16,328,0,0,1,True
CWE-401,CVE-2019-19083,22,497,0,0,1,True
CWE-401,CVE-2019-19083,22,498,0,0,1,True
CWE-401,CVE-2019-19083,22,498,0,0,1,True
CWE-401,CVE-2019-19083,22,498,0,0,1,True
CWE-401,CVE-2019-19083,22,498,0,0,1,True
CWE-401,CVE-2019-19056,21,550,8,7,1,True
CWE-401,CVE-2021-20265,193,4028,24,23,1,True
CWE-401,CVE-2021-29649,17,410,6,5,1,True
CWE-401,CVE-2021-29649,12,300,4,3,1,True
CWE-401,CVE-2021-29649,8,226,3,2,1,True
CWE-401,CVE-2021-3744,281,6897,43,42,1,True
CWE-401,CVE-2022-3629,138,3388,9,8,1,True
CWE-401,CVE-2019-18811,68,1644,10,9,1,True
CWE-401,CVE-2019-16995,71,1754,16,15,1,True
CWE-401,CVE-2023-0597,7,236,0,0,1,True
CWE-401,CVE-2023-0597,59,1639,11,10,1,True
CWE-401,CVE-2023-0597,15,311,3,2,1,True
CWE-401,CVE-2023-0597,18,567,4,3,1,True
CWE-401,CVE-2019-19049,66,1581,15,14,1,True
CWE-401,CVE-2019-18813,71,1604,20,19,1,True
CWE-401,CVE-2019-19081,101,2467,12,11,1,True
CWE-401,CVE-2019-9857,51,1216,10,9,1,True
CWE-401,CVE-2019-19075,113,2664,25,24,1,True
CWE-401,CVE-2019-8980,68,1168,21,20,1,True
CWE-401,CVE-2019-19071,24,638,9,8,1,True
CWE-401,CVE-2019-19065,183,5270,27,26,1,True
CWE-401,CVE-2020-36312,36,856,10,9,1,True
CWE-401,CVE-2023-7192,155,3504,0,0,1,True
CWE-401,CVE-2019-19077,76,1981,17,16,1,True
CWE-401,CVE-2019-19061,36,969,8,7,1,True
CWE-401,CVE-2020-15393,8,196,3,2,1,True
CWE-401,CVE-2019-19047,48,1172,14,13,1,True
CWE-401,CVE-2023-4569,22,532,7,6,1,True
CWE-401,CVE-2019-19051,69,1965,15,14,1,True
CWE-401,CVE-2021-3736,57,1649,16,15,1,True
CWE-401,CVE-2021-3736,10,290,3,2,1,True
CWE-401,CVE-2022-3619,107,2547,9,8,1,True
CWE-401,CVE-2019-19045,81,2338,13,12,1,True
CWE-401,CVE-2019-19070,80,2336,17,16,1,True
CWE-401,CVE-2019-19043,94,2697,13,12,1,True
CWE-401,CVE-2022-24959,135,3469,9,8,1,True
CWE-401,CVE-2022-27950,41,875,14,13,1,True
CWE-401,CVE-2020-25704,157,3343,10,9,1,True
CWE-401,CVE-2019-18806,56,1444,5,4,1,True
CWE-401,CVE-2019-19079,19,431,7,6,1,True
CWE-401,CVE-2021-4135,48,1008,15,14,1,True
CWE-401,CVE-2019-19060,54,1379,13,12,1,True
CWE-401,CVE-2020-12656,16,386,3,2,1,True
CWE-401,CVE-2019-15921,71,1721,17,16,1,True
CWE-401,CVE-2022-26878,17,348,4,3,1,True
CWE-401,CVE-2019-19055,70,2154,18,17,1,True
CWE-401,CVE-2022-3630,122,3402,7,6,1,True
CWE-401,CVE-2019-19062,37,809,11,10,1,True
CWE-401,CVE-2019-19066,47,1630,0,0,1,True
CWE-401,CVE-2019-19068,28,623,8,7,1,True
CWE-401,CVE-2019-19057,41,1099,5,4,1,True
CWE-401,CVE-2019-19050,37,814,11,10,1,True
CWE-401,CVE-2020-12768,32,519,11,10,1,True
CWE-401,CVE-2021-30002,106,2546,16,15,1,True
CWE-401,CVE-2019-19058,31,787,0,0,1,True
CWE-401,CVE-2019-19074,61,1347,18,17,1,True
CWE-401,CVE-2022-1651,307,8488,6,5,1,True
CWE-401,CVE-2019-19076,57,1398,14,13,1,True
CWE-401,CVE-2019-16994,45,1175,12,11,1,True
CWE-401,CVE-2019-19059,132,4280,18,17,1,True
CWE-401,CVE-2021-45480,185,5020,0,0,1,True
CWE-401,CVE-2021-4002,102,2643,5,4,1,True
CWE-401,CVE-2019-19054,45,1324,9,8,1,True
CWE-416,CVE-2020-14381,20,404,5,4,1,True
CWE-416,CVE-2020-14381,31,850,5,4,1,True
CWE-416,CVE-2020-14381,207,6306,17,16,1,True
CWE-416,CVE-2018-10876,16,374,5,4,1,True
CWE-416,CVE-2018-10876,458,12393,0,0,1,True
CWE-416,CVE-2018-10876,80,2103,0,0,1,True
CWE-416,CVE-2018-10876,112,3291,23,22,1,True
CWE-416,CVE-2018-10876,88,2341,0,0,1,True
CWE-416,CVE-2016-9576,35,813,11,10,1,True
CWE-416,CVE-2018-9465,17,405,7,6,1,True
CWE-416,CVE-2018-9465,17,431,7,6,1,True
CWE-416,CVE-2018-9465,38,852,9,8,1,True
CWE-416,CVE-2022-42703,18,473,0,0,1,True
CWE-416,CVE-2022-42703,47,1039,14,13,1,True
CWE-416,CVE-2022-42703,60,1599,15,14,1,True
CWE-416,CVE-2022-42703,48,1430,11,10,1,True
CWE-416,CVE-2022-42703,53,1409,7,6,1,True
CWE-416,CVE-2022-1786,14,277,5,4,1,True
CWE-416,CVE-2022-1786,25,579,10,9,1,True
CWE-416,CVE-2022-1786,12,337,5,4,1,True
CWE-416,CVE-2022-1786,77,1933,15,14,1,True
CWE-416,CVE-2022-1786,19,381,7,6,1,True
CWE-416,CVE-2022-1786,38,901,10,9,1,True
CWE-416,CVE-2022-1786,33,916,9,8,1,True
CWE-416,CVE-2022-1786,14,369,6,5,1,True
CWE-416,CVE-2022-1786,8,252,3,2,1,True
CWE-416,CVE-2022-1786,21,579,5,4,1,True
CWE-416,CVE-2022-1786,60,1574,12,11,1,True
CWE-416,CVE-2022-1786,47,1320,8,7,1,True
CWE-416,CVE-2022-1786,33,1211,6,5,1,True
CWE-416,CVE-2016-3841,31,874,0,0,1,True
CWE-416,CVE-2016-3841,118,3354,0,0,1,True
CWE-416,CVE-2016-3841,157,3810,26,25,1,True
CWE-416,CVE-2016-3841,37,895,5,4,1,True
CWE-416,CVE-2016-3841,27,783,0,0,1,True
CWE-416,CVE-2016-3841,161,3965,29,28,1,True
CWE-416,CVE-2016-3841,25,438,8,7,1,True
CWE-416,CVE-2016-3841,339,6886,10,9,1,True
CWE-416,CVE-2016-3841,149,3979,0,0,1,True
CWE-416,CVE-2016-3841,201,5295,0,0,1,True
CWE-416,CVE-2016-3841,25,568,6,5,1,True
CWE-416,CVE-2016-3841,183,4467,31,30,1,True
CWE-416,CVE-2016-3841,164,3906,21,20,1,True
CWE-416,CVE-2016-3841,71,1874,0,0,1,True
CWE-416,CVE-2016-3841,294,7272,45,44,1,True
CWE-416,CVE-2016-3841,734,15410,15,14,1,True
CWE-416,CVE-2016-3841,187,4459,31,30,1,True
CWE-416,CVE-2016-3841,17,496,0,0,1,True
CWE-416,CVE-2016-3841,20,508,0,0,1,True
CWE-416,CVE-2016-3841,46,1152,8,7,1,True
CWE-416,CVE-2023-3439,7,144,3,2,1,True
CWE-416,CVE-2023-3439,22,485,6,5,1,True
CWE-416,CVE-2023-3389,23,497,6,5,1,True
CWE-416,CVE-2023-3389,46,1274,5,4,1,True
CWE-416,CVE-2023-3389,30,962,7,6,1,True
CWE-416,CVE-2023-3389,8,174,5,4,1,True
CWE-416,CVE-2023-3389,5,156,3,2,1,True
CWE-416,CVE-2023-3389,67,2111,0,0,1,True
CWE-416,CVE-2023-3389,56,1445,12,11,1,True
CWE-416,CVE-2023-3389,16,303,6,5,1,True
CWE-416,CVE-2023-3389,57,1670,14,13,1,True
CWE-416,CVE-2022-1679,48,1014,15,14,1,True
CWE-416,CVE-2023-4611,110,2370,28,27,1,True
CWE-416,CVE-2023-4611,10,232,3,2,1,True
CWE-416,CVE-2023-3863,87,1656,23,22,1,True
CWE-416,CVE-2023-3863,12,238,0,0,1,True
CWE-416,CVE-2023-3863,28,628,8,7,1,True
CWE-416,CVE-2023-3863,54,1149,12,11,1,True
CWE-416,CVE-2023-3863,6,115,0,0,1,True
CWE-416,CVE-2023-3863,48,844,13,12,1,True
CWE-416,CVE-2023-3863,24,523,6,5,1,True
CWE-416,CVE-2023-3863,121,2733,30,29,1,True
CWE-416,CVE-2023-3863,14,313,5,4,1,True
CWE-416,CVE-2023-3863,10,199,3,2,1,True
CWE-416,CVE-2023-3863,65,1301,15,14,1,True
CWE-416,CVE-2019-11487,4,106,3,2,1,True
CWE-416,CVE-2019-11487,111,2384,16,15,1,True
CWE-416,CVE-2019-11487,5,121,3,2,1,True
CWE-416,CVE-2019-11487,74,1654,12,11,1,True
CWE-416,CVE-2019-11487,7,169,3,2,1,True
CWE-416,CVE-2019-11487,83,1627,18,17,1,True
CWE-416,CVE-2022-45919,20,416,4,3,1,True
CWE-416,CVE-2022-45919,80,1829,18,17,1,True
CWE-416,CVE-2022-45919,17,375,5,4,1,True
CWE-416,CVE-2022-45919,41,858,9,8,1,True
CWE-416,CVE-2023-32233,7,175,3,2,1,True
CWE-416,CVE-2023-32233,17,396,3,2,1,True
CWE-416,CVE-2020-36694,60,1395,8,7,1,True
CWE-416,CVE-2020-36694,27,636,8,7,1,True
CWE-416,CVE-2020-36694,55,1311,11,10,1,True
CWE-416,CVE-2020-36694,140,3886,15,14,1,True
CWE-416,CVE-2020-36694,32,729,9,8,1,True
CWE-416,CVE-2020-36694,133,3730,15,14,1,True
CWE-416,CVE-2020-36694,54,1322,11,10,1,True
CWE-416,CVE-2020-36694,55,1305,11,10,1,True
CWE-416,CVE-2020-36694,28,621,8,7,1,True
CWE-416,CVE-2020-36694,14,341,0,0,1,True
CWE-416,CVE-2020-36694,46,1106,8,7,1,True
CWE-416,CVE-2020-36694,28,622,8,7,1,True
CWE-416,CVE-2020-36694,60,1399,8,7,1,True
CWE-416,CVE-2020-36694,33,728,9,8,1,True
CWE-416,CVE-2020-36694,106,2621,12,11,1,True
CWE-416,CVE-2020-36694,47,1134,0,0,1,True
CWE-416,CVE-2020-36694,48,986,10,9,1,True
CWE-416,CVE-2020-36694,48,993,10,9,1,True
CWE-416,CVE-2020-36694,47,987,10,9,1,True
CWE-416,CVE-2020-27835,31,862,5,4,1,True
CWE-416,CVE-2020-27835,20,537,5,4,1,True
CWE-416,CVE-2020-27835,26,688,8,7,1,True
CWE-416,CVE-2020-27835,87,2219,12,11,1,True
CWE-416,CVE-2020-27835,14,468,3,2,1,True
CWE-416,CVE-2020-27835,29,801,7,6,1,True
CWE-416,CVE-2020-27835,70,2044,12,11,1,True
CWE-416,CVE-2020-27835,40,1034,11,10,1,True
CWE-416,CVE-2018-9422,115,3297,17,16,1,True
CWE-416,CVE-2023-25012,35,790,5,4,1,True
CWE-416,CVE-2023-25012,33,866,8,7,1,True
CWE-416,CVE-2023-25012,70,2031,15,14,1,True
CWE-416,CVE-2022-38457,32,879,10,9,1,True
CWE-416,CVE-2022-38457,63,1559,9,8,1,True
CWE-416,CVE-2022-38457,46,1335,9,8,1,True
CWE-416,CVE-2022-38457,72,1948,13,12,1,True
CWE-416,CVE-2022-38457,55,1543,10,9,1,True
CWE-416,CVE-2022-38457,44,1137,9,8,1,True
CWE-416,CVE-2022-38457,40,1051,10,9,1,True
CWE-416,CVE-2022-38457,33,858,10,9,1,True
CWE-416,CVE-2022-38457,19,444,0,0,1,True
CWE-416,CVE-2019-15920,74,2124,11,10,1,True
CWE-416,CVE-2020-10720,36,890,0,0,1,True
CWE-416,CVE-2022-2318,9,193,3,2,1,True
CWE-416,CVE-2022-2318,4,72,3,2,1,True
CWE-416,CVE-2022-2318,23,510,5,4,1,True
CWE-416,CVE-2022-2318,4,82,3,2,1,True
CWE-416,CVE-2022-2318,4,74,3,2,1,True
CWE-416,CVE-2022-2318,11,225,3,2,1,True
CWE-416,CVE-2022-2318,28,654,5,4,1,True
CWE-416,CVE-2022-2318,37,975,5,4,1,True
CWE-416,CVE-2019-10125,32,752,15,14,1,True
CWE-416,CVE-2019-10125,41,1076,14,13,1,True
CWE-416,CVE-2019-10125,20,479,8,7,1,True
CWE-416,CVE-2019-10125,7,174,3,2,1,True
CWE-416,CVE-2019-10125,22,569,6,5,1,True
CWE-416,CVE-2019-10125,8,229,3,2,1,True
CWE-416,CVE-2019-10125,45,1261,15,14,1,True
CWE-416,CVE-2019-10125,71,1949,16,15,1,True
CWE-416,CVE-2019-19767,30,1052,5,4,1,True
CWE-416,CVE-2019-19767,35,943,7,6,1,True
CWE-416,CVE-2020-7053,7,131,4,3,1,True
CWE-416,CVE-2020-7053,33,705,12,11,1,True
CWE-416,CVE-2020-7053,9,286,3,2,1,True
CWE-416,CVE-2020-7053,54,1122,18,17,1,True
CWE-416,CVE-2020-7053,31,684,11,10,1,True
CWE-416,CVE-2020-7053,35,729,10,9,1,True
CWE-416,CVE-2023-3610,17,419,5,4,1,True
CWE-416,CVE-2023-3610,24,473,4,3,1,True
CWE-416,CVE-2023-3610,50,1086,12,11,1,True
CWE-416,CVE-2023-3610,5,174,3,2,1,True
CWE-416,CVE-2023-3610,14,335,4,3,1,True
CWE-416,CVE-2023-3610,11,317,5,4,1,True
CWE-416,CVE-2023-3610,20,499,0,0,1,True
CWE-416,CVE-2023-3610,22,396,4,3,1,True
CWE-416,CVE-2023-3610,13,283,4,3,1,True
CWE-416,CVE-2023-3610,13,280,6,5,1,True
CWE-416,CVE-2021-3348,58,1240,14,13,1,True
CWE-416,CVE-2014-2851,25,618,6,5,1,True
CWE-416,CVE-2018-9517,159,4212,29,28,1,True
CWE-416,CVE-2022-1882,35,793,10,9,1,True
CWE-416,CVE-2022-1882,30,847,8,7,1,True
CWE-416,CVE-2022-1882,69,1585,13,12,1,True
CWE-416,CVE-2022-1882,63,1555,16,15,1,True
CWE-416,CVE-2019-19768,7,184,4,3,1,True
CWE-416,CVE-2019-19768,39,927,7,6,1,True
CWE-416,CVE-2019-19768,71,1469,16,15,1,True
CWE-416,CVE-2019-19768,16,406,6,5,1,True
CWE-416,CVE-2019-19768,12,205,6,5,1,True
CWE-416,CVE-2019-19768,12,327,5,4,1,True
CWE-416,CVE-2019-19768,14,305,3,2,1,True
CWE-416,CVE-2019-19768,5,94,3,2,1,True
CWE-416,CVE-2019-19768,7,188,5,4,1,True
CWE-416,CVE-2019-19768,19,517,5,4,1,True
CWE-416,CVE-2019-19768,11,204,5,4,1,True
CWE-416,CVE-2019-19768,18,528,5,4,1,True
CWE-416,CVE-2022-41218,44,1084,9,8,1,True
CWE-416,CVE-2022-41218,19,475,6,5,1,True
CWE-416,CVE-2022-20566,34,693,10,9,1,True
CWE-416,CVE-2022-20566,31,668,0,0,1,True
CWE-416,CVE-2022-20566,113,2616,12,11,1,True
CWE-416,CVE-2022-20566,13,271,0,0,1,True
CWE-416,CVE-2022-20566,41,977,9,8,1,True
CWE-416,CVE-2022-20566,48,1034,0,0,1,True
CWE-416,CVE-2022-20566,45,980,12,11,1,True
CWE-416,CVE-2022-20566,96,2500,17,16,1,True
CWE-416,CVE-2022-20566,28,658,7,6,1,True
CWE-416,CVE-2022-20566,13,265,0,0,1,True
CWE-416,CVE-2018-16884,249,6507,30,29,1,True
CWE-416,CVE-2018-16884,7,179,3,2,1,True
CWE-416,CVE-2018-16884,12,299,4,3,1,True
CWE-416,CVE-2018-16884,72,2063,10,9,1,True
CWE-416,CVE-2021-39800,61,1550,0,0,1,True
CWE-416,CVE-2022-3977,32,745,7,6,1,True
CWE-416,CVE-2022-3977,33,775,12,11,1,True
CWE-416,CVE-2020-27786,25,761,8,7,1,True
CWE-416,CVE-2020-27786,59,1659,11,10,1,True
CWE-416,CVE-2020-27786,39,1177,6,5,1,True
CWE-416,CVE-2023-45898,41,977,14,13,1,True
CWE-416,CVE-2020-0433,23,528,6,5,1,True
CWE-416,CVE-2020-0433,38,1079,8,7,1,True
CWE-416,CVE-2023-1249,277,8038,20,19,1,True
CWE-416,CVE-2023-1249,62,1812,10,9,1,True
CWE-416,CVE-2023-1249,55,1382,10,9,1,True
CWE-416,CVE-2021-1048,43,1276,6,5,1,True
CWE-416,CVE-2023-35829,9,236,4,3,1,True
CWE-416,CVE-2023-35824,29,795,5,4,1,True
CWE-416,CVE-2017-18218,16,441,5,4,1,True
CWE-416,CVE-2020-12657,19,622,5,4,1,True
CWE-416,CVE-2023-1872,87,2546,10,9,1,True
CWE-416,CVE-2023-1872,33,796,12,11,1,True
CWE-416,CVE-2023-1872,24,533,6,5,1,True
CWE-416,CVE-2023-1872,29,634,11,10,1,True
CWE-416,CVE-2023-1872,54,1419,0,0,1,True
CWE-416,CVE-2023-1872,19,396,6,5,1,True
CWE-416,CVE-2019-19525,23,534,3,2,1,True
CWE-416,CVE-2018-5873,51,1235,0,0,1,True
CWE-416,CVE-2023-51781,52,1094,5,4,1,True
CWE-416,CVE-2021-3483,45,1079,4,3,1,True
CWE-416,CVE-2018-10902,28,879,10,9,1,True
CWE-416,CVE-2018-10902,24,708,8,7,1,True
CWE-416,CVE-2021-0941,47,1253,0,0,1,True
CWE-416,CVE-2021-0941,39,1365,8,7,1,True
CWE-416,CVE-2017-6874,12,267,4,3,1,True
CWE-416,CVE-2017-6874,32,737,0,0,1,True
CWE-416,CVE-2017-7374,56,1427,17,16,1,True
CWE-416,CVE-2017-7374,66,1694,19,18,1,True
CWE-416,CVE-2017-7374,9,185,4,3,1,True
CWE-416,CVE-2017-7374,12,331,5,4,1,True
CWE-416,CVE-2017-7374,45,1309,11,10,1,True
CWE-416,CVE-2019-8912,6,91,4,3,1,True
CWE-416,CVE-2023-0240,20,462,7,6,1,True
CWE-416,CVE-2023-0240,33,837,8,7,1,True
CWE-416,CVE-2023-0240,56,1485,15,14,1,True
CWE-416,CVE-2023-0240,10,214,5,4,1,True
CWE-416,CVE-2023-0240,68,2177,10,9,1,True
CWE-416,CVE-2022-47946,26,646,7,6,1,True
CWE-416,CVE-2022-47946,18,510,6,5,1,True
CWE-416,CVE-2022-47946,40,980,13,12,1,True
CWE-416,CVE-2022-47946,126,3874,26,25,1,True
CWE-416,CVE-2022-47946,30,1005,7,6,1,True
CWE-416,CVE-2022-47946,28,731,7,6,1,True
CWE-416,CVE-2022-47946,99,2429,0,0,1,True
CWE-416,CVE-2019-20934,147,3260,40,39,1,True
CWE-416,CVE-2022-1652,10,257,5,4,1,True
CWE-416,CVE-2022-1652,27,657,10,9,1,True
CWE-416,CVE-2022-1652,48,1363,5,4,1,True
CWE-416,CVE-2022-1652,18,551,7,6,1,True
CWE-416,CVE-2017-17053,15,412,5,4,1,True
CWE-416,CVE-2023-5633,51,1364,9,8,1,True
CWE-416,CVE-2023-5633,34,895,10,9,1,True
CWE-416,CVE-2023-5633,52,1282,0,0,1,True
CWE-416,CVE-2023-5633,16,344,5,4,1,True
CWE-416,CVE-2023-5633,13,400,5,4,1,True
CWE-416,CVE-2023-5633,51,1341,13,12,1,True
CWE-416,CVE-2023-5633,66,1747,16,15,1,True
CWE-416,CVE-2023-5633,165,4742,22,21,1,True
CWE-416,CVE-2023-5633,46,1319,7,6,1,True
CWE-416,CVE-2023-5633,5,111,3,2,1,True
CWE-416,CVE-2023-5633,28,632,8,7,1,True
CWE-416,CVE-2023-5633,18,359,6,5,1,True
CWE-416,CVE-2023-5633,40,970,12,11,1,True
CWE-416,CVE-2023-5633,25,635,6,5,1,True
CWE-416,CVE-2023-5633,53,1393,10,9,1,True
CWE-416,CVE-2023-5633,34,965,10,9,1,True
CWE-416,CVE-2023-5633,132,3522,19,18,1,True
CWE-416,CVE-2023-5633,37,906,8,7,1,True
CWE-416,CVE-2023-5633,49,1295,6,5,1,True
CWE-416,CVE-2019-25044,53,1087,14,13,1,True
CWE-416,CVE-2019-25044,36,973,5,4,1,True
CWE-416,CVE-2019-25044,27,770,4,3,1,True
CWE-416,CVE-2019-25044,9,222,3,2,1,True
CWE-416,CVE-2020-36387,6,159,3,2,1,True
CWE-416,CVE-2020-36387,32,943,7,6,1,True
CWE-416,CVE-2020-36387,15,332,7,6,1,True
CWE-416,CVE-2020-36387,9,233,4,3,1,True
CWE-416,CVE-2020-36387,16,387,4,3,1,True
CWE-416,CVE-2020-36387,28,761,8,7,1,True
CWE-416,CVE-2014-0100,45,1234,0,0,1,True
CWE-416,CVE-2022-3424,44,1083,14,13,1,True
CWE-416,CVE-2022-3424,46,1160,9,8,1,True
CWE-416,CVE-2022-3424,47,1226,8,7,1,True
CWE-416,CVE-2021-43057,13,346,4,3,1,True
CWE-416,CVE-2021-43057,6,204,3,2,1,True
CWE-416,CVE-2021-43057,17,340,8,7,1,True
CWE-416,CVE-2019-19377,125,2768,12,11,1,True
CWE-416,CVE-2023-1281,191,4645,35,34,1,True
CWE-416,CVE-2018-21008,23,461,6,5,1,True
CWE-416,CVE-2021-38204,130,3340,16,15,1,True
CWE-416,CVE-2021-38204,24,575,7,6,1,True
CWE-416,CVE-2022-3523,38,900,13,12,1,True
CWE-416,CVE-2022-3523,84,2384,12,11,1,True
CWE-416,CVE-2022-3523,186,4914,29,28,1,True
CWE-416,CVE-2022-3523,67,1430,5,4,1,True
CWE-416,CVE-2022-3523,76,2075,5,4,1,True
CWE-416,CVE-2022-3523,18,429,6,5,1,True
CWE-416,CVE-2022-3523,59,1431,9,8,1,True
CWE-416,CVE-2022-3523,315,9239,39,38,1,True
CWE-416,CVE-2022-3523,24,579,6,5,1,True
CWE-416,CVE-2022-3523,61,1664,8,7,1,True
CWE-416,CVE-2022-3523,80,2122,23,22,1,True
CWE-416,CVE-2022-3523,53,1080,10,9,1,True
CWE-416,CVE-2022-3523,25,556,7,6,1,True
CWE-416,CVE-2022-3523,11,298,4,3,1,True
CWE-416,CVE-2022-3523,78,1925,15,14,1,True
CWE-416,CVE-2022-3523,36,937,11,10,1,True
CWE-416,CVE-2021-20292,24,658,0,0,1,True
CWE-416,CVE-2021-20292,12,275,5,4,1,True
CWE-416,CVE-2021-20292,15,376,5,4,1,True
CWE-416,CVE-2022-20409,14,369,6,5,1,True
CWE-416,CVE-2022-20409,38,901,10,9,1,True
CWE-416,CVE-2022-20409,19,381,7,6,1,True
CWE-416,CVE-2022-20409,33,1211,6,5,1,True
CWE-416,CVE-2022-20409,14,277,5,4,1,True
CWE-416,CVE-2022-20409,47,1320,8,7,1,True
CWE-416,CVE-2022-20409,8,252,3,2,1,True
CWE-416,CVE-2022-20409,21,579,5,4,1,True
CWE-416,CVE-2022-20409,33,916,9,8,1,True
CWE-416,CVE-2022-20409,77,1933,15,14,1,True
CWE-416,CVE-2022-20409,12,337,5,4,1,True
CWE-416,CVE-2023-4244,305,9303,18,17,1,True
CWE-416,CVE-2023-4244,42,1048,11,10,1,True
CWE-416,CVE-2022-1195,34,702,6,5,1,True
CWE-416,CVE-2022-2938,6,157,3,2,1,True
CWE-416,CVE-2022-2938,28,613,8,7,1,True
CWE-416,CVE-2022-2938,7,195,4,3,1,True
CWE-416,CVE-2022-2938,29,607,10,9,1,True
CWE-416,CVE-2022-2938,32,732,11,10,1,True
CWE-416,CVE-2017-8824,48,1180,11,10,1,True
CWE-416,CVE-2022-1048,25,677,10,9,1,True
CWE-416,CVE-2022-1048,99,2696,20,19,1,True
CWE-416,CVE-2022-32250,29,617,0,0,1,True
CWE-416,CVE-2017-17975,57,1311,15,14,1,True
CWE-416,CVE-2019-11810,59,1349,9,8,1,True
CWE-416,CVE-2018-11412,33,784,11,10,1,True
CWE-416,CVE-2022-1976,43,1051,12,11,1,True
CWE-416,CVE-2022-1976,66,1723,16,15,1,True
CWE-416,CVE-2022-1976,76,1795,8,7,1,True
CWE-416,CVE-2018-20836,13,428,5,4,1,True
CWE-416,CVE-2019-25045,64,1247,7,6,1,True
CWE-416,CVE-2019-25045,45,1180,12,11,1,True
CWE-416,CVE-2019-25045,14,436,5,4,1,True
CWE-416,CVE-2023-1079,13,362,3,2,1,True
CWE-416,CVE-2023-1079,18,524,6,5,1,True
CWE-416,CVE-2021-3543,42,877,4,3,1,True
CWE-416,CVE-2019-15220,16,344,5,4,1,True
CWE-416,CVE-2019-15220,74,2048,11,10,1,True
CWE-416,CVE-2019-15220,37,755,6,5,1,True
CWE-416,CVE-2014-2568,96,2553,17,16,1,True
CWE-416,CVE-2014-2568,221,6433,0,0,1,True
CWE-416,CVE-2019-11815,26,850,6,5,1,True
CWE-416,CVE-2019-3896,30,506,5,4,1,True
CWE-416,CVE-2014-4653,60,1634,13,12,1,True
CWE-416,CVE-2014-4653,33,913,6,5,1,True
CWE-416,CVE-2014-4653,41,1052,13,12,1,True
CWE-416,CVE-2014-4653,48,1132,15,14,1,True
CWE-416,CVE-2019-19526,123,3008,21,20,1,True
CWE-416,CVE-2022-3586,143,3334,23,22,1,True
CWE-416,CVE-2019-15214,59,1543,12,11,1,True
CWE-416,CVE-2020-29660,58,1436,9,8,1,True
CWE-416,CVE-2020-29660,45,1195,9,8,1,True
CWE-416,CVE-2020-29660,23,696,5,4,1,True
CWE-416,CVE-2020-29660,12,353,5,4,1,True
CWE-416,CVE-2023-5197,79,2023,15,14,1,True
CWE-416,CVE-2023-5197,77,1987,8,7,1,True
CWE-416,CVE-2023-5197,71,1397,27,26,1,True
CWE-416,CVE-2023-5197,232,5941,31,30,1,True
CWE-416,CVE-2023-5197,51,1377,7,6,1,True
CWE-416,CVE-2020-10690,97,2432,0,0,1,True
CWE-416,CVE-2020-10690,25,427,8,7,1,True
CWE-416,CVE-2020-10690,10,189,3,2,1,True
CWE-416,CVE-2020-10690,14,265,6,5,1,True
CWE-416,CVE-2021-4154,84,2176,7,6,1,True
CWE-416,CVE-2019-2025,36,884,0,0,1,True
CWE-416,CVE-2019-2025,434,13081,5,4,1,True
CWE-416,CVE-2019-2025,603,19521,36,35,1,True
CWE-416,CVE-2019-2025,162,5244,0,0,1,True
CWE-416,CVE-2016-9120,103,2152,8,7,1,True
CWE-416,CVE-2016-9120,11,235,4,3,1,True
CWE-416,CVE-2016-9120,13,300,0,0,1,True
CWE-416,CVE-2016-9120,17,392,5,4,1,True
CWE-416,CVE-2023-1118,15,385,3,2,1,True
CWE-416,CVE-2023-35823,5,75,3,2,1,True
CWE-416,CVE-2023-35823,9,293,4,3,1,True
CWE-416,CVE-2021-23134,118,2689,30,29,1,True
CWE-416,CVE-2022-3176,22,626,6,5,1,True
CWE-416,CVE-2022-3176,10,299,5,4,1,True
CWE-416,CVE-2022-3176,9,230,3,2,1,True
CWE-416,CVE-2016-10200,58,1511,18,17,1,True
CWE-416,CVE-2016-10200,101,2452,21,20,1,True
CWE-416,CVE-2022-33981,181,4708,14,13,1,True
CWE-416,CVE-2022-20158,274,7248,36,35,1,True
CWE-416,CVE-2022-20158,142,3691,20,19,1,True
CWE-416,CVE-2023-3390,227,5811,28,27,1,True
CWE-416,CVE-2018-20976,7,139,3,2,1,True
CWE-416,CVE-2018-20976,18,366,3,2,1,True
CWE-416,CVE-2018-20976,179,4210,41,40,1,True
CWE-416,CVE-2019-19530,385,11242,53,52,1,True
CWE-416,CVE-2020-14351,109,3320,14,13,1,True
CWE-416,CVE-2021-29657,102,2821,16,15,1,True
CWE-416,CVE-2021-29657,19,417,6,5,1,True
CWE-416,CVE-2017-17052,50,1171,0,0,1,True
CWE-416,CVE-2023-3609,56,1308,8,7,1,True
CWE-416,CVE-2019-19448,50,1630,7,6,1,True
CWE-416,CVE-2019-19447,80,2026,27,26,1,True
CWE-416,CVE-2023-3141,27,682,7,6,1,True
CWE-416,CVE-2021-0342,274,6906,21,20,1,True
CWE-416,CVE-2022-1419,19,448,0,0,1,True
CWE-416,CVE-2015-8963,23,512,6,5,1,True
CWE-416,CVE-2015-8963,15,416,5,4,1,True
CWE-416,CVE-2020-27784,17,426,4,3,1,True
CWE-416,CVE-2020-27784,11,278,3,2,1,True
CWE-416,CVE-2020-27784,55,1477,0,0,1,True
CWE-416,CVE-2019-18683,65,1894,10,9,1,True
CWE-416,CVE-2019-18683,24,634,6,5,1,True
CWE-416,CVE-2019-18683,65,1894,10,9,1,True
CWE-416,CVE-2019-18683,87,2763,8,7,1,True
CWE-416,CVE-2019-18683,101,3280,6,5,1,True
CWE-416,CVE-2019-18683,98,3172,8,7,1,True
CWE-416,CVE-2018-5344,28,661,7,6,1,True
CWE-416,CVE-2020-0429,52,1274,5,4,1,True
CWE-416,CVE-2018-14625,39,931,11,10,1,True
CWE-416,CVE-2018-14625,10,215,0,0,1,True
CWE-416,CVE-2018-14625,32,897,6,5,1,True
CWE-416,CVE-2018-14625,23,570,7,6,1,True
CWE-416,CVE-2018-14625,25,587,9,8,1,True
CWE-416,CVE-2022-2586,17,417,0,0,1,True
CWE-416,CVE-2023-3812,52,1083,0,0,1,True
CWE-416,CVE-2023-0469,48,1192,13,12,1,True
CWE-416,CVE-2023-4206,100,2259,26,25,1,True
CWE-416,CVE-2023-6111,31,697,0,0,1,True
CWE-416,CVE-2019-15292,4,120,3,2,1,True
CWE-416,CVE-2019-15292,4,87,3,2,1,True
CWE-416,CVE-2019-9003,9,174,4,3,1,True
CWE-416,CVE-2019-9003,5,130,3,2,1,True
CWE-416,CVE-2023-20928,65,1616,10,9,1,True
CWE-416,CVE-2023-20928,12,249,0,0,1,True
CWE-416,CVE-2023-20928,20,492,9,8,1,True
CWE-416,CVE-2023-20928,14,406,4,3,1,True
CWE-416,CVE-2023-20928,130,3010,16,15,1,True
CWE-416,CVE-2021-32606,83,1840,7,6,1,True
CWE-416,CVE-2021-32606,98,2132,22,21,1,True
CWE-416,CVE-2019-11811,170,4200,26,25,1,True
CWE-416,CVE-2019-11811,51,1101,8,7,1,True
CWE-416,CVE-2019-11811,70,1638,10,9,1,True
CWE-416,CVE-2022-4379,35,875,6,5,1,True
CWE-416,CVE-2021-29266,5,113,3,2,1,True
CWE-416,CVE-2018-16882,89,3164,7,6,1,True
CWE-416,CVE-2023-1193,17,450,5,4,1,True
CWE-416,CVE-2023-1193,23,539,9,8,1,True
CWE-416,CVE-2023-1193,32,1006,5,4,1,True
CWE-416,CVE-2020-27675,26,526,8,7,1,True
CWE-416,CVE-2020-27675,8,226,5,4,1,True
CWE-416,CVE-2020-27675,16,345,3,2,1,True
CWE-416,CVE-2020-27675,7,148,4,3,1,True
CWE-416,CVE-2023-2162,52,1357,5,4,1,True
CWE-416,CVE-2022-3239,297,8029,33,32,1,True
CWE-416,CVE-2023-1192,462,10925,0,0,1,True
CWE-416,CVE-2023-1670,13,238,3,2,1,True
CWE-416,CVE-2017-16527,11,259,5,4,1,True
CWE-416,CVE-2021-39656,90,2234,22,21,1,True
CWE-416,CVE-2018-20856,35,786,12,11,1,True
CWE-416,CVE-2017-11176,123,2749,13,12,1,True
CWE-416,CVE-2020-27067,79,1793,14,13,1,True
CWE-416,CVE-2020-27067,5,130,3,2,1,True
CWE-416,CVE-2020-27067,10,271,3,2,1,True
CWE-416,CVE-2020-29569,76,1839,7,6,1,True
CWE-416,CVE-2019-19966,8,133,4,3,1,True
CWE-416,CVE-2019-7221,42,1224,11,10,1,True
CWE-416,CVE-2022-20421,31,805,7,6,1,True
CWE-416,CVE-2023-2513,23,683,9,8,1,True
CWE-416,CVE-2023-2513,27,825,7,6,1,True
CWE-416,CVE-2014-0131,196,4323,0,0,1,True
CWE-416,CVE-2017-16939,50,1150,13,12,1,True
CWE-416,CVE-2017-16939,8,229,4,3,1,True
CWE-416,CVE-2017-16939,23,615,6,5,1,True
CWE-416,CVE-2017-15265,39,1197,10,9,1,True
CWE-416,CVE-2017-15265,48,1393,0,0,1,True
CWE-416,CVE-2018-10879,93,2866,8,7,1,True
CWE-416,CVE-2023-32269,16,341,6,5,1,True
CWE-416,CVE-2023-0030,79,2400,8,7,1,True
CWE-416,CVE-2023-0030,29,609,6,5,1,True
CWE-416,CVE-2023-0030,86,2241,14,13,1,True
CWE-416,CVE-2023-0030,137,3857,21,20,1,True
CWE-416,CVE-2020-8648,42,969,8,7,1,True
CWE-416,CVE-2020-8648,157,4026,19,18,1,True
CWE-416,CVE-2023-35826,18,449,6,5,1,True
CWE-416,CVE-2023-1611,35,988,10,9,1,True
CWE-416,CVE-2021-3347,180,4671,19,18,1,True
CWE-416,CVE-2021-3347,160,4209,18,17,1,True
CWE-416,CVE-2021-3347,44,1264,7,6,1,True
CWE-416,CVE-2023-26606,81,1588,10,9,1,True
CWE-416,CVE-2020-27820,16,353,3,2,1,True
CWE-416,CVE-2019-19813,222,5826,0,0,1,True
CWE-416,CVE-2023-3776,37,838,9,8,1,True
CWE-416,CVE-2017-6346,94,2305,17,16,1,True
CWE-416,CVE-2017-6346,23,417,8,7,1,True
CWE-416,CVE-2019-19319,14,435,4,3,1,True
CWE-416,CVE-2019-19319,39,998,8,7,1,True
CWE-416,CVE-2020-25656,121,3075,11,10,1,True
CWE-416,CVE-2021-0707,33,835,7,6,1,True
CWE-416,CVE-2023-0266,49,1339,15,14,1,True
CWE-416,CVE-2023-0266,22,524,9,8,1,True
CWE-416,CVE-2023-6932,8,207,4,3,1,True
CWE-416,CVE-2018-14734,67,1506,19,18,1,True
CWE-416,CVE-2018-14734,22,410,0,0,1,True
CWE-416,CVE-2019-2215,64,1634,10,9,1,True
CWE-416,CVE-2023-4623,165,3558,30,29,1,True
CWE-416,CVE-2022-1158,42,1213,0,0,1,True
CWE-416,CVE-2016-7911,13,248,7,6,1,True
CWE-416,CVE-2023-4387,89,2560,6,5,1,True
CWE-416,CVE-2023-0461,22,420,11,10,1,True
CWE-416,CVE-2023-0461,34,870,8,7,1,True
CWE-416,CVE-2023-51780,163,3745,10,9,1,True
CWE-416,CVE-2022-42720,108,2799,0,0,1,True
CWE-416,CVE-2022-42720,19,486,5,4,1,True
CWE-416,CVE-2022-42720,109,3334,0,0,1,True
CWE-416,CVE-2018-14611,63,2028,11,10,1,True
CWE-416,CVE-2021-33034,23,526,7,6,1,True
CWE-416,CVE-2021-33034,37,921,8,7,1,True
CWE-416,CVE-2020-25669,6,159,3,2,1,True
CWE-416,CVE-2020-25669,17,661,3,2,1,True
CWE-416,CVE-2014-0203,31,754,7,6,1,True
CWE-416,CVE-2018-18559,87,1710,13,12,1,True
CWE-416,CVE-2022-28893,36,834,6,5,1,True
CWE-416,CVE-2022-28893,59,1554,8,7,1,True
CWE-416,CVE-2022-28893,39,940,8,7,1,True
CWE-416,CVE-2023-1990,13,279,3,2,1,True
CWE-416,CVE-2021-3760,17,449,5,4,1,True
CWE-416,CVE-2020-0427,12,334,3,2,1,True
CWE-416,CVE-2023-39198,33,850,5,4,1,True
CWE-416,CVE-2023-39198,43,926,8,7,1,True
CWE-416,CVE-2023-39198,26,628,8,7,1,True
CWE-416,CVE-2023-21255,34,1004,7,6,1,True
CWE-416,CVE-2016-7912,29,790,9,8,1,True
CWE-416,CVE-2019-19770,96,2184,26,25,1,True
CWE-416,CVE-2023-51782,93,2365,5,4,1,True
CWE-416,CVE-2023-1989,18,281,5,4,1,True
CWE-416,CVE-2016-4805,32,748,6,5,1,True
CWE-416,CVE-2016-4805,32,756,6,5,1,True
CWE-416,CVE-2024-0193,13,281,5,4,1,True
CWE-416,CVE-2021-39801,61,1550,0,0,1,True
CWE-416,CVE-2021-39801,121,2666,11,10,1,True
CWE-416,CVE-2016-10905,26,567,4,3,1,True
CWE-416,CVE-2019-15211,74,2276,13,12,1,True
CWE-416,CVE-2019-15919,77,2101,12,11,1,True
CWE-416,CVE-2023-6039,49,1008,9,8,1,True
CWE-416,CVE-2019-19527,69,1563,15,14,1,True
CWE-416,CVE-2022-42719,62,1827,0,0,1,True
CWE-416,CVE-2022-1043,15,316,6,5,1,True
CWE-416,CVE-2019-19543,38,664,10,9,1,True
CWE-416,CVE-2021-4028,61,1433,10,9,1,True
CWE-416,CVE-2022-45888,65,1899,7,6,1,True
CWE-416,CVE-2016-10088,107,3658,27,26,1,True
CWE-416,CVE-2016-10088,26,592,6,5,1,True
CWE-416,CVE-2018-25015,452,12055,41,40,1,True
CWE-416,CVE-2019-2213,8,205,4,3,1,True
CWE-416,CVE-2020-16119,56,1782,0,0,1,True
CWE-416,CVE-2022-24122,37,807,0,0,1,True
CWE-416,CVE-2020-27418,14,474,5,4,1,True
CWE-416,CVE-2017-2584,26,574,8,7,1,True
CWE-416,CVE-2017-2584,18,496,8,7,1,True
CWE-416,CVE-2020-25220,12,303,3,2,1,True
CWE-416,CVE-2023-4015,48,1122,6,5,1,True
CWE-416,CVE-2023-4622,115,2579,24,23,1,True
CWE-416,CVE-2018-17182,62,1860,3,2,1,True
CWE-416,CVE-2017-16648,15,288,7,6,1,True
CWE-416,CVE-2016-8655,150,3606,18,17,1,True
CWE-416,CVE-2016-8655,212,4109,5,4,1,True
CWE-416,CVE-2023-33288,18,508,9,8,1,True
CWE-416,CVE-2020-8428,172,4210,36,35,1,True
CWE-416,CVE-2020-15436,144,3382,19,18,1,True
CWE-416,CVE-2020-15436,45,1126,7,6,1,True
CWE-416,CVE-2017-10661,47,1151,0,0,1,True
CWE-416,CVE-2017-10661,15,461,3,2,1,True
CWE-416,CVE-2016-9794,22,565,8,7,1,True
CWE-416,CVE-2019-15215,24,612,5,4,1,True
CWE-416,CVE-2016-7913,56,1434,9,8,1,True
CWE-416,CVE-2017-15115,43,1128,10,9,1,True
CWE-416,CVE-2023-0468,4,131,3,2,1,True
CWE-416,CVE-2023-0468,67,1854,15,14,1,True
CWE-416,CVE-2022-22942,25,784,7,6,1,True
CWE-416,CVE-2022-22942,234,6670,47,46,1,True
CWE-416,CVE-2021-0935,123,2847,15,14,1,True
CWE-416,CVE-2023-20938,64,2249,11,10,1,True
CWE-416,CVE-2023-4207,106,2343,19,18,1,True
CWE-416,CVE-2022-41849,25,674,5,4,1,True
CWE-416,CVE-2022-41849,38,959,9,8,1,True
CWE-416,CVE-2022-1204,80,1687,8,7,1,True
CWE-416,CVE-2023-33250,22,683,5,4,1,True
CWE-416,CVE-2021-28691,31,621,8,7,1,True
CWE-416,CVE-2023-3317,51,1238,11,10,1,True
CWE-416,CVE-2022-2602,111,3339,11,10,1,True
CWE-416,CVE-2022-2602,53,1182,10,9,1,True
CWE-416,CVE-2022-1055,231,5619,38,37,1,True
CWE-416,CVE-2022-1055,133,3574,19,18,1,True
CWE-416,CVE-2020-0423,52,1347,4,3,1,True
CWE-416,CVE-2023-1195,52,1331,10,9,1,True
CWE-416,CVE-2022-2978,81,2193,9,8,1,True
CWE-416,CVE-2023-30772,32,917,6,5,1,True
CWE-416,CVE-2023-1838,93,1870,21,20,1,True
CWE-416,CVE-2022-1280,139,4201,17,16,1,True
CWE-416,CVE-2019-2024,65,1324,16,15,1,True
CWE-416,CVE-2015-5706,61,1393,0,0,1,True
CWE-416,CVE-2016-10906,53,1323,6,5,1,True
CWE-416,CVE-2016-10906,62,1612,12,11,1,True
CWE-416,CVE-2019-15917,20,355,7,6,1,True
CWE-416,CVE-2020-14416,19,436,5,4,1,True
CWE-416,CVE-2017-18202,97,3042,10,9,1,True
CWE-416,CVE-2022-3534,11,283,4,3,1,True
CWE-416,CVE-2023-3159,25,955,5,4,1,True
CWE-416,CVE-2014-9940,21,477,6,5,1,True
CWE-416,CVE-2022-1998,110,3207,18,17,1,True
CWE-416,CVE-2017-0861,77,1845,4,3,1,True
CWE-416,CVE-2022-4696,20,447,6,5,1,True
CWE-416,CVE-2023-1652,50,1428,10,9,1,True
CWE-416,CVE-2022-41850,35,947,8,7,1,True
CWE-416,CVE-2019-8956,97,2198,13,12,1,True
CWE-416,CVE-2019-19529,13,287,3,2,1,True
CWE-416,CVE-2018-19824,124,3222,22,21,1,True
CWE-416,CVE-2023-1859,33,839,5,4,1,True
CWE-416,CVE-2021-4202,17,377,6,5,1,True
CWE-416,CVE-2022-42896,142,3234,19,18,1,True
CWE-416,CVE-2022-1734,16,369,7,6,1,True
CWE-416,CVE-2020-27066,15,306,7,6,1,True
CWE-416,CVE-2022-4382,11,177,5,4,1,True
CWE-416,CVE-2022-4382,56,1146,18,17,1,True
CWE-416,CVE-2020-36313,18,466,7,6,1,True
CWE-416,CVE-2020-36313,47,1587,7,6,1,True
CWE-416,CVE-2020-36557,38,749,13,12,1,True
CWE-416,CVE-2019-15213,13,334,5,4,1,True
CWE-416,CVE-2019-19318,4,81,0,0,1,True
CWE-416,CVE-2022-0646,9,223,3,2,1,True
CWE-416,CVE-2021-37159,77,2071,0,0,1,True
CWE-416,CVE-2019-15239,10,275,5,4,1,True
CWE-416,CVE-2017-16525,137,3256,17,16,1,True
CWE-416,CVE-2021-45868,46,1189,11,10,1,True
CWE-416,CVE-2019-6974,51,989,17,16,1,True
CWE-416,CVE-2022-2977,31,792,7,6,1,True
CWE-416,CVE-2022-2977,10,364,7,6,1,True
CWE-416,CVE-2019-19769,26,919,8,7,1,True
CWE-416,CVE-2023-4394,36,1032,13,12,1,True
CWE-416,CVE-2022-1973,1479,34947,218,217,1,True
CWE-416,CVE-2022-0487,21,602,7,6,1,True
CWE-416,CVE-2014-4654,116,3108,27,26,1,True
CWE-416,CVE-2023-5345,663,17453,9,8,1,True
CWE-416,CVE-2023-35828,18,474,4,3,1,True
CWE-416,CVE-2016-6828,5,155,3,2,1,True
CWE-416,CVE-2023-4133,11,308,5,4,1,True
CWE-416,CVE-2023-40283,27,446,6,5,1,True
CWE-416,CVE-2023-4921,14,402,4,3,1,True
CWE-416,CVE-2020-0466,162,4269,22,21,1,True
CWE-416,CVE-2014-9914,23,660,9,8,1,True
CWE-416,CVE-2022-2585,163,4008,29,28,1,True
CWE-476,CVE-2023-31083,54,1011,6,5,1,True
CWE-476,CVE-2017-15116,19,442,6,5,1,True
CWE-476,CVE-2017-15116,4,88,3,2,1,True
CWE-476,CVE-2017-15116,6,197,3,2,1,True
CWE-476,CVE-2017-15116,19,311,6,5,1,True
CWE-476,CVE-2018-7492,149,3860,32,31,1,True
CWE-476,CVE-2023-32252,27,679,8,7,1,True
CWE-476,CVE-2023-32252,23,638,7,6,1,True
CWE-476,CVE-2023-32252,58,1341,7,6,1,True
CWE-476,CVE-2023-32252,173,4920,15,14,1,True
CWE-476,CVE-2023-32252,4,91,3,2,1,True
CWE-476,CVE-2023-32252,11,278,5,4,1,True
CWE-476,CVE-2023-0122,93,2351,24,23,1,True
CWE-476,CVE-2023-28466,228,6002,11,10,1,True
CWE-476,CVE-2023-28466,29,628,13,12,1,True
CWE-476,CVE-2023-28466,23,493,5,4,1,True
CWE-476,CVE-2019-12818,63,1536,11,10,1,True
CWE-476,CVE-2017-18079,15,361,3,2,1,True
CWE-476,CVE-2017-18079,8,133,4,3,1,True
CWE-476,CVE-2017-18079,89,2570,9,8,1,True
CWE-476,CVE-2019-15923,55,1322,11,10,1,True
CWE-476,CVE-2019-15923,32,553,10,9,1,True
CWE-476,CVE-2019-15923,45,1101,4,3,1,True
CWE-476,CVE-2023-3358,31,901,0,0,1,True
CWE-476,CVE-2023-3358,28,852,7,6,1,True
CWE-476,CVE-2017-16646,25,945,9,8,1,True
CWE-476,CVE-2017-16646,40,1222,9,8,1,True
CWE-476,CVE-2017-16646,39,1293,10,9,1,True
CWE-476,CVE-2017-16646,42,1266,8,7,1,True
CWE-476,CVE-2017-16646,37,1296,9,8,1,True
CWE-476,CVE-2017-16646,32,1053,7,6,1,True
CWE-476,CVE-2017-16646,38,1289,9,8,1,True
CWE-476,CVE-2017-16646,28,995,8,7,1,True
CWE-476,CVE-2017-16646,35,1199,8,7,1,True
CWE-476,CVE-2017-16646,33,1103,7,6,1,True
CWE-476,CVE-2017-16646,23,716,8,7,1,True
CWE-476,CVE-2020-27675,21,335,7,6,1,True
CWE-476,CVE-2020-27675,16,345,3,2,1,True
CWE-476,CVE-2020-27675,26,526,8,7,1,True
CWE-476,CVE-2020-27675,7,148,4,3,1,True
CWE-476,CVE-2020-27675,7,145,4,3,1,True
CWE-476,CVE-2017-12153,45,1250,14,13,1,True
CWE-476,CVE-2019-19815,24,652,9,8,1,True
CWE-476,CVE-2019-19815,16,370,5,4,1,True
CWE-476,CVE-2019-19815,111,2711,17,16,1,True
CWE-476,CVE-2019-19815,47,1130,7,6,1,True
CWE-476,CVE-2022-1671,7,182,4,3,1,True
CWE-476,CVE-2022-1671,7,149,4,3,1,True
CWE-476,CVE-2022-1671,22,491,9,8,1,True
CWE-476,CVE-2022-3105,53,1605,12,11,1,True
CWE-476,CVE-2018-1094,1027,31257,148,147,1,True
CWE-476,CVE-2022-23222,57,1593,11,10,1,True
CWE-476,CVE-2022-23222,22,650,5,4,1,True
CWE-476,CVE-2022-23222,35,797,3,2,1,True
CWE-476,CVE-2022-23222,44,1099,8,7,1,True
CWE-476,CVE-2022-23222,135,4366,10,9,1,True
CWE-476,CVE-2022-23222,118,3976,12,11,1,True
CWE-476,CVE-2022-23222,47,1524,6,5,1,True
CWE-476,CVE-2022-23222,294,8742,35,34,1,True
CWE-476,CVE-2022-23222,131,3888,15,14,1,True
CWE-476,CVE-2022-23222,34,958,8,7,1,True
CWE-476,CVE-2022-23222,54,1819,4,3,1,True
CWE-476,CVE-2022-23222,9,262,3,2,1,True
CWE-476,CVE-2022-23222,230,7442,16,15,1,True
CWE-476,CVE-2022-23222,210,6780,10,9,1,True
CWE-476,CVE-2022-23222,176,4768,22,21,1,True
CWE-476,CVE-2022-23222,191,6399,19,18,1,True
CWE-476,CVE-2022-23222,49,1276,3,2,1,True
CWE-476,CVE-2022-23222,18,376,3,2,1,True
CWE-476,CVE-2020-27830,28,586,10,9,1,True
CWE-476,CVE-2020-27830,49,1062,13,12,1,True
CWE-476,CVE-2023-4459,38,1143,5,4,1,True
CWE-476,CVE-2020-10711,32,673,10,9,1,True
CWE-476,CVE-2020-10711,41,920,11,10,1,True
CWE-476,CVE-2018-14617,99,2525,0,0,1,True
CWE-476,CVE-2019-18885,159,4799,27,26,1,True
CWE-476,CVE-2019-18885,30,743,0,0,1,True
CWE-476,CVE-2019-18885,104,2888,16,15,1,True
CWE-476,CVE-2019-18885,16,496,7,6,1,True
CWE-476,CVE-2019-18885,34,1073,6,5,1,True
CWE-476,CVE-2019-18885,71,1779,8,7,1,True
CWE-476,CVE-2019-18885,89,2370,14,13,1,True
CWE-476,CVE-2019-18885,206,6515,0,0,1,True
CWE-476,CVE-2019-18885,31,916,0,0,1,True
CWE-476,CVE-2019-18885,44,1040,13,12,1,True
CWE-476,CVE-2015-8551,33,855,11,10,1,True
CWE-476,CVE-2015-8970,4,135,3,2,1,True
CWE-476,CVE-2015-8970,4,117,0,0,1,True
CWE-476,CVE-2015-8970,38,909,8,7,1,True
CWE-476,CVE-2015-8970,4,79,3,2,1,True
CWE-476,CVE-2020-11609,12,384,4,3,1,True
CWE-476,CVE-2020-11609,23,730,9,8,1,True
CWE-476,CVE-2020-11609,52,1797,10,9,1,True
CWE-476,CVE-2017-2647,34,838,0,0,1,True
CWE-476,CVE-2017-2647,31,731,8,7,1,True
CWE-476,CVE-2017-2647,5,148,4,3,1,True
CWE-476,CVE-2017-2647,138,3722,27,26,1,True
CWE-476,CVE-2017-2647,67,1680,0,0,1,True
CWE-476,CVE-2014-7826,47,1252,12,11,1,True
CWE-476,CVE-2014-7826,38,1062,12,11,1,True
CWE-476,CVE-2014-7826,36,930,12,11,1,True
CWE-476,CVE-2018-8043,64,1574,16,15,1,True
CWE-476,CVE-2022-3110,25,843,4,3,1,True
CWE-476,CVE-2022-3110,167,4530,18,17,1,True
CWE-476,CVE-2018-1092,255,8153,0,0,1,True
CWE-476,CVE-2019-15223,86,2244,17,16,1,True
CWE-476,CVE-2019-15223,49,1200,12,11,1,True
CWE-476,CVE-2019-15223,28,681,10,9,1,True
CWE-476,CVE-2019-15223,10,260,4,3,1,True
CWE-476,CVE-2022-47929,87,2105,5,4,1,True
CWE-476,CVE-2019-12984,23,515,8,7,1,True
CWE-476,CVE-2019-12381,54,1361,9,8,1,True
CWE-476,CVE-2019-15924,13,331,4,3,1,True
CWE-476,CVE-2020-11668,14,370,5,4,1,True
CWE-476,CVE-2020-11668,23,498,6,5,1,True
CWE-476,CVE-2020-11668,33,773,11,10,1,True
CWE-476,CVE-2023-0458,60,1725,11,10,1,True
CWE-476,CVE-2015-7515,215,7180,25,24,1,True
CWE-476,CVE-2023-2177,235,7428,0,0,1,True
CWE-476,CVE-2023-2177,46,1022,13,12,1,True
CWE-476,CVE-2022-1852,174,5051,17,16,1,True
CWE-476,CVE-2022-1852,24,647,6,5,1,True
CWE-476,CVE-2020-15437,62,1566,10,9,1,True
CWE-476,CVE-2020-12364,16,532,4,3,1,True
CWE-476,CVE-2020-12364,17,311,6,5,1,True
CWE-476,CVE-2020-12364,60,2192,5,4,1,True
CWE-476,CVE-2020-12364,124,3958,23,22,1,True
CWE-476,CVE-2020-12364,79,2395,16,15,1,True
CWE-476,CVE-2018-1130,63,1536,19,18,1,True
CWE-476,CVE-2021-3739,148,4198,29,28,1,True
CWE-476,CVE-2022-1205,29,696,6,5,1,True
CWE-476,CVE-2022-1205,45,1127,7,6,1,True
CWE-476,CVE-2019-15218,102,2630,17,16,1,True
CWE-476,CVE-2019-15219,140,3323,22,21,1,True
CWE-476,CVE-2022-3202,39,900,7,6,1,True
CWE-476,CVE-2016-10147,13,336,6,5,1,True
CWE-476,CVE-2016-10147,65,1765,14,13,1,True
CWE-476,CVE-2023-3106,9,245,4,3,1,True
CWE-476,CVE-2023-3106,44,1061,6,5,1,True
CWE-476,CVE-2021-4095,45,1075,12,11,1,True
CWE-476,CVE-2021-4095,45,1372,10,9,1,True
CWE-476,CVE-2018-5333,93,2727,18,17,1,True
CWE-476,CVE-2017-16647,10,225,5,4,1,True
CWE-476,CVE-2017-16647,10,260,5,4,1,True
CWE-476,CVE-2019-20054,15,292,7,6,1,True
CWE-476,CVE-2023-3212,52,1457,15,14,1,True
CWE-476,CVE-2017-18216,41,1164,11,10,1,True
CWE-476,CVE-2017-18216,6,255,0,0,1,True
CWE-476,CVE-2017-18216,49,1446,12,11,1,True
CWE-476,CVE-2017-7374,45,1309,11,10,1,True
CWE-476,CVE-2017-7374,12,331,5,4,1,True
CWE-476,CVE-2017-7374,56,1427,17,16,1,True
CWE-476,CVE-2017-7374,66,1694,19,18,1,True
CWE-476,CVE-2022-3104,29,886,8,7,1,True
CWE-476,CVE-2021-3543,42,877,4,3,1,True
CWE-476,CVE-2023-22997,59,1211,14,13,1,True
CWE-476,CVE-2023-22997,53,1114,12,11,1,True
CWE-476,CVE-2015-8787,49,1299,6,5,1,True
CWE-476,CVE-2023-23001,10,284,4,3,1,True
CWE-476,CVE-2018-14616,9,222,5,4,1,True
CWE-476,CVE-2018-14616,114,3693,23,22,1,True
CWE-476,CVE-2018-14616,33,896,0,0,1,True
CWE-476,CVE-2018-19406,52,1292,15,14,1,True
CWE-476,CVE-2019-9213,74,2168,11,10,1,True
CWE-476,CVE-2014-2678,32,833,8,7,1,True
CWE-476,CVE-2017-9211,26,766,9,8,1,True
CWE-476,CVE-2019-15291,56,1325,12,11,1,True
CWE-476,CVE-2019-12378,39,847,9,8,1,True
CWE-476,CVE-2019-19227,10,349,5,4,1,True
CWE-476,CVE-2019-19227,47,885,16,15,1,True
CWE-476,CVE-2017-12192,50,1120,12,11,1,True
CWE-476,CVE-2020-25285,23,566,8,7,1,True
CWE-476,CVE-2020-25285,29,610,10,9,1,True
CWE-476,CVE-2023-28327,39,867,6,5,1,True
CWE-476,CVE-2017-12193,330,11215,43,42,1,True
CWE-476,CVE-2023-1382,26,579,8,7,1,True
CWE-476,CVE-2023-1382,39,967,6,5,1,True
CWE-476,CVE-2023-22999,145,3500,37,36,1,True
CWE-476,CVE-2018-1066,32,1089,5,4,1,True
CWE-476,CVE-2018-1066,37,949,8,7,1,True
CWE-476,CVE-2018-1066,116,3787,14,13,1,True
CWE-476,CVE-2022-42722,241,7496,13,12,1,True
CWE-476,CVE-2022-3078,60,1188,0,0,1,True
CWE-476,CVE-2022-1789,30,752,7,6,1,True
CWE-476,CVE-2023-1095,14,304,0,0,1,True
CWE-476,CVE-2017-2634,23,594,8,7,1,True
CWE-476,CVE-2018-14614,83,2101,17,16,1,True
CWE-476,CVE-2018-14614,77,2529,15,14,1,True
CWE-476,CVE-2022-3106,20,619,4,3,1,True
CWE-476,CVE-2019-10207,30,448,9,8,1,True
CWE-476,CVE-2019-10207,19,289,6,5,1,True
CWE-476,CVE-2019-10207,89,2286,10,9,1,True
CWE-476,CVE-2019-10207,64,1189,16,15,1,True
CWE-476,CVE-2019-15216,25,642,3,2,1,True
CWE-476,CVE-2022-3111,15,756,3,2,1,True
CWE-476,CVE-2022-0168,224,6359,25,24,1,True
CWE-476,CVE-2020-14356,37,776,8,7,1,True
CWE-476,CVE-2020-14356,123,3509,0,0,1,True
CWE-476,CVE-2020-14356,7,143,3,2,1,True
CWE-476,CVE-2020-14356,19,516,0,0,1,True
CWE-476,CVE-2023-32248,229,7378,10,9,1,True
CWE-476,CVE-2019-16231,80,2029,14,13,1,True
CWE-476,CVE-2019-12881,67,1966,17,16,1,True
CWE-476,CVE-2019-12614,23,545,0,0,1,True
CWE-476,CVE-2019-15217,16,525,4,3,1,True
CWE-476,CVE-2017-16914,132,3375,6,5,1,True
CWE-476,CVE-2021-3659,48,1132,0,0,1,True
CWE-476,CVE-2023-2166,14,405,5,4,1,True
CWE-476,CVE-2023-2166,14,405,5,4,1,True
CWE-476,CVE-2023-2166,14,396,5,4,1,True
CWE-476,CVE-2023-2898,17,387,7,6,1,True
CWE-476,CVE-2017-16537,89,2170,10,9,1,True
CWE-476,CVE-2016-8646,33,695,9,8,1,True
CWE-476,CVE-2021-30178,11,267,0,0,1,True
CWE-476,CVE-2022-25258,423,11326,9,8,1,True
CWE-476,CVE-2019-15221,61,1567,14,13,1,True
CWE-476,CVE-2019-19037,71,1964,14,13,1,True
CWE-476,CVE-2016-9313,4,86,3,2,1,True
CWE-476,CVE-2022-4127,34,711,6,5,1,True
CWE-476,CVE-2023-4385,69,1701,9,8,1,True
CWE-476,CVE-2022-4128,39,990,6,5,1,True
CWE-476,CVE-2022-3112,77,2424,10,9,1,True
CWE-476,CVE-2022-3112,16,463,3,2,1,True
CWE-476,CVE-2022-1263,15,433,3,2,1,True
CWE-476,CVE-2016-3070,69,1855,17,16,1,True
CWE-476,CVE-2016-3070,99,2873,16,15,1,True
CWE-476,CVE-2019-19965,108,3010,15,14,1,True
CWE-476,CVE-2019-19036,47,1487,10,9,1,True
CWE-476,CVE-2017-15274,80,1751,0,0,1,True
CWE-476,CVE-2021-44879,151,3513,6,5,1,True
CWE-476,CVE-2023-1583,19,427,7,6,1,True
CWE-476,CVE-2023-1583,28,688,6,5,1,True
CWE-476,CVE-2023-3359,31,607,8,7,1,True
CWE-476,CVE-2019-16234,182,5021,0,0,1,True
CWE-476,CVE-2018-1000200,30,761,6,5,1,True
CWE-476,CVE-2023-23005,42,1148,10,9,1,True
CWE-476,CVE-2017-13686,123,2863,18,17,1,True
CWE-476,CVE-2022-1516,15,308,5,4,1,True
CWE-476,CVE-2017-15306,166,3643,6,5,1,True
CWE-476,CVE-2019-15099,17,496,0,0,1,True
CWE-476,CVE-2019-15099,12,321,3,2,1,True
CWE-476,CVE-2023-23004,39,674,5,4,1,True
CWE-476,CVE-2017-15299,146,3870,28,27,1,True
CWE-476,CVE-2018-14609,25,704,7,6,1,True
CWE-476,CVE-2021-38206,205,6093,11,10,1,True
CWE-476,CVE-2019-16229,28,631,6,5,1,True
CWE-476,CVE-2019-11810,59,1349,9,8,1,True
CWE-476,CVE-2023-6176,111,2658,13,12,1,True
CWE-476,CVE-2017-18241,66,1893,21,20,1,True
CWE-476,CVE-2023-6679,23,617,7,6,1,True
CWE-476,CVE-2018-13094,88,2286,10,9,1,True
CWE-476,CVE-2023-46862,159,5235,20,19,1,True
CWE-476,CVE-2017-5970,26,993,5,4,1,True
CWE-476,CVE-2022-3114,28,750,4,3,1,True
CWE-476,CVE-2023-23006,56,1329,17,16,1,True
CWE-476,CVE-2023-28328,91,2108,9,8,1,True
CWE-476,CVE-2019-15222,12,340,5,4,1,True
CWE-476,CVE-2018-7191,18,378,6,5,1,True
CWE-476,CVE-2022-3113,31,695,0,0,1,True
CWE-476,CVE-2019-15922,17,351,4,3,1,True
CWE-476,CVE-2019-15922,52,1230,11,10,1,True
CWE-476,CVE-2023-23000,22,480,0,0,1,True
CWE-476,CVE-2023-3355,62,1504,5,4,1,True
CWE-476,CVE-2020-35499,75,1426,9,8,1,True
CWE-476,CVE-2017-8106,66,1610,13,12,1,True
CWE-476,CVE-2017-8106,124,4868,9,8,1,True
CWE-476,CVE-2019-12382,50,1178,0,0,1,True
CWE-476,CVE-2018-10322,126,3139,23,22,1,True
CWE-476,CVE-2023-5972,36,743,13,12,1,True
CWE-476,CVE-2018-10074,34,936,9,8,1,True
CWE-476,CVE-2020-36558,696,14655,8,7,1,True
CWE-476,CVE-2021-38200,17,417,4,3,1,True
CWE-476,CVE-2023-23002,120,3379,11,10,1,True
CWE-476,CVE-2022-0617,72,2102,13,12,1,True
CWE-476,CVE-2018-14646,92,2319,8,7,1,True
CWE-476,CVE-2016-6327,52,1461,10,9,1,True
CWE-476,CVE-2023-0394,78,1529,16,15,1,True
CWE-476,CVE-2022-3115,10,251,5,4,1,True
CWE-476,CVE-2018-1065,135,3783,15,14,1,True
CWE-476,CVE-2017-15102,131,3895,26,25,1,True
CWE-476,CVE-2019-12615,26,686,6,5,1,True
CWE-787,CVE-2017-18552,23,522,8,7,1,True
CWE-787,CVE-2021-42008,19,448,5,4,1,True
CWE-787,CVE-2018-13095,160,4003,27,26,1,True
CWE-787,CVE-2020-9391,101,2319,0,0,1,True
CWE-787,CVE-2020-9391,50,1354,7,6,1,True
CWE-787,CVE-2020-9391,139,3333,0,0,1,True
CWE-787,CVE-2019-19816,605,17240,128,127,1,True
CWE-787,CVE-2019-19816,48,1242,0,0,1,True
CWE-787,CVE-2019-19816,222,5826,0,0,1,True
CWE-787,CVE-2019-19532,186,6076,33,32,1,True
CWE-787,CVE-2019-19532,41,1071,10,9,1,True
CWE-787,CVE-2019-19532,22,628,8,7,1,True
CWE-787,CVE-2019-19532,53,1444,13,12,1,True
CWE-787,CVE-2019-19532,34,914,11,10,1,True
CWE-787,CVE-2019-19532,58,1526,13,12,1,True
CWE-787,CVE-2019-19532,117,3476,27,26,1,True
CWE-787,CVE-2019-19532,26,771,10,9,1,True
CWE-787,CVE-2021-39685,200,5301,9,8,1,True
CWE-787,CVE-2021-39685,58,1442,10,9,1,True
CWE-787,CVE-2021-39685,411,11020,7,6,1,True
CWE-787,CVE-2017-1000251,51,1420,5,4,1,True
CWE-787,CVE-2017-1000251,28,731,7,6,1,True
CWE-787,CVE-2017-1000251,72,1493,10,9,1,True
CWE-787,CVE-2017-1000251,111,2549,12,11,1,True
CWE-787,CVE-2017-1000251,134,3797,0,0,1,True
CWE-787,CVE-2017-1000251,76,1937,6,5,1,True
CWE-787,CVE-2021-27365,22,499,5,4,1,True
CWE-787,CVE-2021-27365,40,851,6,5,1,True
CWE-787,CVE-2021-27365,23,570,8,7,1,True
CWE-787,CVE-2021-27365,10,307,5,4,1,True
CWE-787,CVE-2021-27365,26,697,6,5,1,True
CWE-787,CVE-2021-27365,97,2839,5,4,1,True
CWE-787,CVE-2021-27365,6,213,4,3,1,True
CWE-787,CVE-2018-10880,59,1622,5,4,1,True
CWE-787,CVE-2018-12714,165,3317,0,0,1,True
CWE-787,CVE-2020-25212,45,1181,7,6,1,True
CWE-787,CVE-2018-9518,36,727,0,0,1,True
CWE-787,CVE-2022-20369,34,1029,8,7,1,True
CWE-787,CVE-2022-20369,23,581,5,4,1,True
CWE-787,CVE-2022-20369,9,279,4,3,1,True
CWE-787,CVE-2020-0465,671,22490,18,17,1,True
CWE-787,CVE-2020-0465,7,223,3,2,1,True
CWE-787,CVE-2020-0465,187,5118,8,7,1,True
CWE-787,CVE-2019-9456,27,740,8,7,1,True
CWE-787,CVE-2019-9456,36,1041,10,9,1,True
CWE-787,CVE-2022-4378,72,1495,12,11,1,True
CWE-787,CVE-2022-4378,56,1027,15,14,1,True
CWE-787,CVE-2021-33656,64,1410,5,4,1,True
CWE-787,CVE-2021-33656,80,1430,5,4,1,True
CWE-787,CVE-2021-33656,62,1333,16,15,1,True
CWE-787,CVE-2021-33655,64,2001,13,12,1,True
CWE-787,CVE-2020-14390,202,5786,7,6,1,True
CWE-787,CVE-2020-14390,19,511,3,2,1,True
CWE-787,CVE-2020-14390,6,124,4,3,1,True
CWE-787,CVE-2020-14390,109,2763,0,0,1,True
CWE-787,CVE-2020-14390,53,1096,9,8,1,True
CWE-787,CVE-2020-14390,50,1368,14,13,1,True
CWE-787,CVE-2020-14390,33,902,7,6,1,True
CWE-787,CVE-2020-14390,39,1005,8,7,1,True
CWE-787,CVE-2020-14390,90,1944,6,5,1,True
CWE-787,CVE-2020-14390,30,735,8,7,1,True
CWE-787,CVE-2020-14390,138,3398,23,22,1,True
CWE-787,CVE-2020-14390,16,440,0,0,1,True
CWE-787,CVE-2020-14390,67,1717,15,14,1,True
CWE-787,CVE-2020-14390,152,4124,29,28,1,True
CWE-787,CVE-2022-47942,807,21739,64,63,1,True
CWE-787,CVE-2022-47942,158,4076,19,18,1,True
CWE-787,CVE-2022-47942,32,904,10,9,1,True
CWE-787,CVE-2022-47942,74,2076,14,13,1,True
CWE-787,CVE-2022-47942,69,1717,17,16,1,True
CWE-787,CVE-2022-48423,103,2060,0,0,1,True
CWE-787,CVE-2018-5703,8,127,4,3,1,True
CWE-787,CVE-2018-5703,31,770,8,7,1,True
CWE-787,CVE-2018-5703,4,120,3,2,1,True
CWE-787,CVE-2021-33909,4,94,0,0,1,True
CWE-787,CVE-2023-2124,114,3842,16,15,1,True
CWE-787,CVE-2023-4273,30,793,7,6,1,True
CWE-787,CVE-2023-4273,206,4621,15,14,1,True
CWE-787,CVE-2020-12659,91,2188,23,22,1,True
CWE-787,CVE-2022-2991,93,2383,27,26,1,True
CWE-787,CVE-2022-2991,12,243,5,4,1,True
CWE-787,CVE-2020-14305,14,354,0,0,1,True
CWE-787,CVE-2020-14305,35,978,9,8,1,True
CWE-787,CVE-2020-14305,39,1201,8,7,1,True
CWE-787,CVE-2020-14305,37,969,9,8,1,True
CWE-787,CVE-2020-14305,25,643,8,7,1,True
CWE-787,CVE-2020-14305,41,933,12,11,1,True
CWE-787,CVE-2012-3400,167,5234,13,12,1,True
CWE-787,CVE-2022-21499,171,4435,8,7,1,True
CWE-787,CVE-2023-2598,82,1900,17,16,1,True
CWE-787,CVE-2023-0210,68,2120,12,11,1,True
CWE-787,CVE-2018-10882,1031,31355,150,149,1,True
CWE-787,CVE-2018-10882,136,3647,11,10,1,True
CWE-787,CVE-2017-13166,100,3677,6,5,1,True
CWE-787,CVE-2017-13166,89,3415,5,4,1,True
CWE-787,CVE-2017-13166,94,3474,7,6,1,True
CWE-787,CVE-2019-13631,335,7408,4,3,1,True
CWE-787,CVE-2023-1073,49,1321,0,0,1,True
CWE-787,CVE-2017-18551,173,4491,11,10,1,True
CWE-787,CVE-2020-10742,124,3570,16,15,1,True
CWE-787,CVE-2020-10742,92,2078,25,24,1,True
CWE-787,CVE-2020-10742,64,1462,18,17,1,True
CWE-787,CVE-2023-34319,121,3370,7,6,1,True
CWE-787,CVE-2017-17806,67,1601,16,15,1,True
CWE-787,CVE-2017-17806,5,115,3,2,1,True
CWE-787,CVE-2019-19332,385,10703,8,7,1,True
CWE-787,CVE-2023-5717,31,954,8,7,1,True
CWE-787,CVE-2023-5717,50,1380,15,14,1,True
CWE-787,CVE-2018-14610,53,1248,6,5,1,True
CWE-787,CVE-2022-36280,85,2244,15,14,1,True
CWE-787,CVE-2019-20636,39,873,10,9,1,True
CWE-787,CVE-2019-20636,59,1209,11,10,1,True
CWE-787,CVE-2023-45863,16,472,5,4,1,True
CWE-787,CVE-2023-45863,15,267,0,0,1,True
CWE-787,CVE-2021-31916,63,1566,10,9,1,True
CWE-787,CVE-2018-5332,32,783,5,4,1,True
CWE-787,CVE-2018-16880,24,574,7,6,1,True
CWE-787,CVE-2018-16880,40,1092,10,9,1,True
CWE-787,CVE-2018-16880,43,1146,12,11,1,True
CWE-787,CVE-2018-16880,63,1576,14,13,1,True
CWE-787,CVE-2022-1943,98,2961,17,16,1,True
CWE-787,CVE-2022-3028,28,745,9,8,1,True
CWE-787,CVE-2020-0432,25,622,6,5,1,True
CWE-787,CVE-2020-0432,50,1235,8,7,1,True
CWE-787,CVE-2021-0935,123,2847,15,14,1,True
CWE-787,CVE-2017-1000363,29,746,5,4,1,True
CWE-787,CVE-2019-9162,7,170,4,3,1,True
CWE-787,CVE-2019-9162,17,414,5,4,1,True
CWE-787,CVE-2022-0435,144,4338,10,9,1,True
CWE-787,CVE-2022-0435,83,2341,19,18,1,True
CWE-787,CVE-2017-13216,48,1057,5,4,1,True
CWE-787,CVE-2023-35001,61,1393,4,3,1,True
CWE-787,CVE-2019-2214,711,22631,41,40,1,True
CWE-787,CVE-2021-3489,42,1123,0,0,1,True
CWE-787,CVE-2017-7308,153,3583,16,15,1,True
CWE-787,CVE-2023-35788,84,2525,14,13,1,True
CWE-787,CVE-2021-38166,215,5392,38,37,1,True
CWE-787,CVE-2020-0429,13,347,8,7,1,True
CWE-787,CVE-2021-3490,35,1183,6,5,1,True
CWE-787,CVE-2021-3490,34,1158,6,5,1,True
CWE-787,CVE-2021-3490,29,977,6,5,1,True
CWE-787,CVE-2023-31436,128,3027,26,25,1,True
CWE-787,CVE-2019-11683,47,1248,0,0,1,True
CWE-787,CVE-2021-22555,91,2160,24,23,1,True
CWE-787,CVE-2021-22555,91,2167,24,23,1,True
CWE-787,CVE-2021-0512,81,2633,14,13,1,True
CWE-787,CVE-2018-11506,71,1726,8,7,1,True
CWE-787,CVE-2020-14331,28,773,6,5,1,True
CWE-787,CVE-2020-0066,85,1869,20,19,1,True
CWE-787,CVE-2020-25285,29,610,10,9,1,True
CWE-787,CVE-2020-25285,23,566,8,7,1,True
CWE-787,CVE-2019-8956,97,2198,13,12,1,True
CWE-787,CVE-2020-12653,36,1034,7,6,1,True
CWE-787,CVE-2023-3611,17,469,6,5,1,True
CWE-787,CVE-2022-3577,88,2099,16,15,1,True
CWE-787,CVE-2023-2194,32,918,8,7,1,True
CWE-787,CVE-2017-0750,49,1446,10,9,1,True
CWE-787,CVE-2018-1068,58,1371,7,6,1,True
CWE-787,CVE-2017-7294,191,5098,34,33,1,True
CWE-787,CVE-2019-14821,28,839,8,7,1,True
CWE-787,CVE-2023-6931,20,652,5,4,1,True
CWE-787,CVE-2023-6931,6,200,3,2,1,True
CWE-787,CVE-2022-1015,16,364,6,5,1,True
CWE-787,CVE-2022-1015,13,230,6,5,1,True
CWE-787,CVE-2022-0995,78,1942,20,19,1,True
CWE-787,CVE-2022-41674,88,2633,15,14,1,True
CWE-787,CVE-2021-4090,22,460,11,10,1,True
CWE-787,CVE-2018-10881,59,1426,17,16,1,True
CWE-787,CVE-2021-43975,50,1016,9,8,1,True
CWE-787,CVE-2017-1000111,220,4225,5,4,1,True
CWE-787,CVE-2021-42739,18,397,5,4,1,True
CWE-787,CVE-2021-42739,135,4105,16,15,1,True
CWE-787,CVE-2023-28410,51,1036,16,15,1,True
CWE-787,CVE-2020-8835,109,2964,9,8,1,True
CWE-787,CVE-2018-10878,59,1868,17,16,1,True
CWE-787,CVE-2016-9755,20,455,7,6,1,True
CWE-787,CVE-2019-19319,14,435,4,3,1,True
CWE-787,CVE-2020-12654,82,2412,6,5,1,True
CWE-787,CVE-2021-3612,30,587,9,8,1,True
CWE-787,CVE-2021-28660,129,3405,13,12,1,True
CWE-787,CVE-2019-9500,46,1392,9,8,1,True
CWE-787,CVE-2018-16276,34,738,8,7,1,True
CWE-787,CVE-2020-10942,31,545,0,0,1,True
CWE-787,CVE-2021-4093,8,212,4,3,1,True
CWE-787,CVE-2023-21255,84,2270,14,13,1,True
CWE-787,CVE-2018-9385,32,681,12,11,1,True
CWE-787,CVE-2020-11565,116,2287,18,17,1,True
